sursa,url,status_live,redirect_catre,exista_in_shopify,produse_vizibile,observatie
lista DWF,https://www.alessandrodesign.ro/collections/pendule,200,,da,0,
lista DWF,https://www.alessandrodesign.ro/collections/andakar,404,,nu,,colectia nu mai exista in Shopify (stearsa)
lista DWF,https://www.alessandrodesign.ro/collections/alonzo,404,,nu,,colectia nu mai exista in Shopify (stearsa)
lista DWF,https://www.alessandrodesign.ro/collections/alonso,404,,nu,,colectia nu mai exista in Shopify (stearsa)
lista DWF,https://www.alessandrodesign.ro/collections/agnes,404,,nu,,colectia nu mai exista in Shopify (stearsa)
lista DWF,https://www.alessandrodesign.ro/collections/amora,404,,nu,,colectia nu mai exista in Shopify (stearsa)
lista DWF,https://www.alessandrodesign.ro/collections/alice,404,,nu,,colectia nu mai exista in Shopify (stearsa)
lista DWF,https://www.alessandrodesign.ro/collections/alexandra,404,,nu,,colectia nu mai exista in Shopify (stearsa)
lista DWF,https://www.alessandrodesign.ro/collections/adelie,404,,nu,,colectia nu mai exista in Shopify (stearsa)
lista DWF,https://www.alessandrodesign.ro/collections/alvin,404,,nu,,colectia nu mai exista in Shopify (stearsa)
lista DWF,https://www.alessandrodesign.ro/collections/amias,404,,nu,,colectia nu mai exista in Shopify (stearsa)
lista DWF,https://www.alessandrodesign.ro/collections/8937-400,404,,nu,,colectia nu mai exista in Shopify (stearsa)
lista DWF,https://www.alessandrodesign.ro/collections/alfonso,404,,nu,,colectia nu mai exista in Shopify (stearsa)
lista DWF,https://www.alessandrodesign.ro/collections/ameer,404,,nu,,colectia nu mai exista in Shopify (stearsa)
lista DWF,https://www.alessandrodesign.ro/collections/allien,404,,nu,,colectia nu mai exista in Shopify (stearsa)
lista DWF,https://www.alessandrodesign.ro/collections/arlo,404,,nu,,colectia nu mai exista in Shopify (stearsa)
lista DWF,https://www.alessandrodesign.ro/collections/andi,404,,nu,,colectia nu mai exista in Shopify (stearsa)
lista DWF,https://www.alessandrodesign.ro/collections/beau,404,,nu,,colectia nu mai exista in Shopify (stearsa)
lista DWF,https://www.alessandrodesign.ro/collections/awinita,404,,nu,,colectia nu mai exista in Shopify (stearsa)
lista DWF,https://www.alessandrodesign.ro/collections/benicio,404,,nu,,colectia nu mai exista in Shopify (stearsa)
lista DWF,https://www.alessandrodesign.ro/collections/anne,404,,nu,,colectia nu mai exista in Shopify (stearsa)
lista DWF,https://www.alessandrodesign.ro/collections/arjun,404,,nu,,colectia nu mai exista in Shopify (stearsa)
lista DWF,https://www.alessandrodesign.ro/collections/baharas,404,,nu,,colectia nu mai exista in Shopify (stearsa)
lista DWF,https://www.alessandrodesign.ro/collections/benson,404,,nu,,colectia nu mai exista in Shopify (stearsa)
lista DWF,https://www.alessandrodesign.ro/collections/atena,404,,nu,,colectia nu mai exista in Shopify (stearsa)
lista DWF,https://www.alessandrodesign.ro/collections/zyaire,404,,nu,,colectia nu mai exista in Shopify (stearsa)
lista DWF,https://www.alessandrodesign.ro/collections/benedict,404,,nu,,colectia nu mai exista in Shopify (stearsa)
lista DWF,https://www.alessandrodesign.ro/collections/zeta,404,,nu,,colectia nu mai exista in Shopify (stearsa)
lista DWF,https://www.alessandrodesign.ro/collections/averian,404,,nu,,colectia nu mai exista in Shopify (stearsa)
lista DWF,https://www.alessandrodesign.ro/collections/aniani,404,,nu,,colectia nu mai exista in Shopify (stearsa)
lista DWF,https://www.alessandrodesign.ro/collections/asimetric,404,,nu,,colectia nu mai exista in Shopify (stearsa)
lista DWF,https://www.alessandrodesign.ro/collections/azriel,404,,nu,,colectia nu mai exista in Shopify (stearsa)
lista DWF,https://www.alessandrodesign.ro/collections/avi,404,,nu,,colectia nu mai exista in Shopify (stearsa)
lista DWF,https://www.alessandrodesign.ro/collections/axl,404,,nu,,colectia nu mai exista in Shopify (stearsa)
lista DWF,https://www.alessandrodesign.ro/collections/archie,404,,nu,,colectia nu mai exista in Shopify (stearsa)
lista DWF,https://www.alessandrodesign.ro/collections/zyrandiol,404,,nu,,colectia nu mai exista in Shopify (stearsa)
lista DWF,https://www.alessandrodesign.ro/collections/zonta,404,,nu,,colectia nu mai exista in Shopify (stearsa)
lista DWF,https://www.alessandrodesign.ro/collections/zilara,404,,nu,,colectia nu mai exista in Shopify (stearsa)
lista DWF,https://www.alessandrodesign.ro/collections/ashton,404,,nu,,colectia nu mai exista in Shopify (stearsa)
lista DWF,https://www.alessandrodesign.ro/collections/wanja,404,,nu,,colectia nu mai exista in Shopify (stearsa)
lista DWF,https://www.alessandrodesign.ro/collections/zahir,404,,nu,,colectia nu mai exista in Shopify (stearsa)
lista DWF,https://www.alessandrodesign.ro/collections/billoori,404,,nu,,colectia nu mai exista in Shopify (stearsa)
lista DWF,https://www.alessandrodesign.ro/collections/chyou,404,,nu,,colectia nu mai exista in Shopify (stearsa)
lista DWF,https://www.alessandrodesign.ro/collections/camlo,404,,nu,,colectia nu mai exista in Shopify (stearsa)
lista DWF,https://www.alessandrodesign.ro/collections/casedas,404,,nu,,colectia nu mai exista in Shopify (stearsa)
lista DWF,https://www.alessandrodesign.ro/collections/blaine,404,,nu,,colectia nu mai exista in Shopify (stearsa)
lista DWF,https://www.alessandrodesign.ro/collections/bjorn,404,,nu,,colectia nu mai exista in Shopify (stearsa)
lista DWF,https://www.alessandrodesign.ro/collections/yousef,404,,nu,,colectia nu mai exista in Shopify (stearsa)
lista DWF,https://www.alessandrodesign.ro/collections/vape,404,,nu,,colectia nu mai exista in Shopify (stearsa)
lista DWF,https://www.alessandrodesign.ro/collections/carmelo,404,,nu,,colectia nu mai exista in Shopify (stearsa)
lista DWF,https://www.alessandrodesign.ro/collections/cercus,404,,nu,,colectia nu mai exista in Shopify (stearsa)
lista DWF,https://www.alessandrodesign.ro/collections/waylon,404,,nu,,colectia nu mai exista in Shopify (stearsa)
lista DWF,https://www.alessandrodesign.ro/collections/togo,404,,nu,,colectia nu mai exista in Shopify (stearsa)
lista DWF,https://www.alessandrodesign.ro/collections/tobar,404,,nu,,colectia nu mai exista in Shopify (stearsa)
lista DWF,https://www.alessandrodesign.ro/collections/callan,404,,nu,,colectia nu mai exista in Shopify (stearsa)
lista DWF,https://www.alessandrodesign.ro/collections/canens,404,,nu,,colectia nu mai exista in Shopify (stearsa)
lista DWF,https://www.alessandrodesign.ro/collections/borealis,404,,nu,,colectia nu mai exista in Shopify (stearsa)
lista DWF,https://www.alessandrodesign.ro/collections/wakuda,404,,nu,,colectia nu mai exista in Shopify (stearsa)
lista DWF,https://www.alessandrodesign.ro/collections/bodhi,404,,nu,,colectia nu mai exista in Shopify (stearsa)
lista DWF,https://www.alessandrodesign.ro/collections/wade,404,,nu,,colectia nu mai exista in Shopify (stearsa)
lista DWF,https://www.alessandrodesign.ro/collections/bumiti,404,,nu,,colectia nu mai exista in Shopify (stearsa)
lista DWF,https://www.alessandrodesign.ro/collections/zakai,404,,nu,,colectia nu mai exista in Shopify (stearsa)
lista DWF,https://www.alessandrodesign.ro/collections/valencia,404,,nu,,colectia nu mai exista in Shopify (stearsa)
lista DWF,https://www.alessandrodesign.ro/collections/brodie,404,,nu,,colectia nu mai exista in Shopify (stearsa)
lista DWF,https://www.alessandrodesign.ro/collections/briar,404,,nu,,colectia nu mai exista in Shopify (stearsa)
lista DWF,https://www.alessandrodesign.ro/collections/wylder,404,,nu,,colectia nu mai exista in Shopify (stearsa)
lista DWF,https://www.alessandrodesign.ro/collections/yamada,404,,nu,,colectia nu mai exista in Shopify (stearsa)
lista DWF,https://www.alessandrodesign.ro/collections/cameron,404,,nu,,colectia nu mai exista in Shopify (stearsa)
lista DWF,https://www.alessandrodesign.ro/collections/yancy,404,,nu,,colectia nu mai exista in Shopify (stearsa)
lista DWF,https://www.alessandrodesign.ro/collections/blume,404,,nu,,colectia nu mai exista in Shopify (stearsa)
lista DWF,https://www.alessandrodesign.ro/collections/carla,404,,nu,,colectia nu mai exista in Shopify (stearsa)
lista DWF,https://www.alessandrodesign.ro/collections/bryce,404,,nu,,colectia nu mai exista in Shopify (stearsa)
lista DWF,https://www.alessandrodesign.ro/collections/wells,404,,nu,,colectia nu mai exista in Shopify (stearsa)
lista DWF,https://www.alessandrodesign.ro/collections/sylas,404,,nu,,colectia nu mai exista in Shopify (stearsa)
lista DWF,https://www.alessandrodesign.ro/collections/telozoro,404,,nu,,colectia nu mai exista in Shopify (stearsa)
lista DWF,https://www.alessandrodesign.ro/collections/york,404,,nu,,colectia nu mai exista in Shopify (stearsa)
lista DWF,https://www.alessandrodesign.ro/collections/tamailo,404,,nu,,colectia nu mai exista in Shopify (stearsa)
lista DWF,https://www.alessandrodesign.ro/collections/blummen,404,,nu,,colectia nu mai exista in Shopify (stearsa)
lista DWF,https://www.alessandrodesign.ro/collections/vierkant,404,,nu,,colectia nu mai exista in Shopify (stearsa)
lista DWF,https://www.alessandrodesign.ro/collections/bowen,404,,nu,,colectia nu mai exista in Shopify (stearsa)
lista DWF,https://www.alessandrodesign.ro/collections/vanta,404,,nu,,colectia nu mai exista in Shopify (stearsa)
lista DWF,https://www.alessandrodesign.ro/collections/waneta,404,,nu,,colectia nu mai exista in Shopify (stearsa)
lista DWF,https://www.alessandrodesign.ro/collections/buibini,404,,nu,,colectia nu mai exista in Shopify (stearsa)
lista DWF,https://www.alessandrodesign.ro/collections/briggs,404,,nu,,colectia nu mai exista in Shopify (stearsa)
lista DWF,https://www.alessandrodesign.ro/collections/yehuda,404,,nu,,colectia nu mai exista in Shopify (stearsa)
lista DWF,https://www.alessandrodesign.ro/collections/valovi,404,,nu,,colectia nu mai exista in Shopify (stearsa)
lista DWF,https://www.alessandrodesign.ro/collections/berna,404,,nu,,colectia nu mai exista in Shopify (stearsa)
lista DWF,https://www.alessandrodesign.ro/collections/vihaan,404,,nu,,colectia nu mai exista in Shopify (stearsa)
lista DWF,https://www.alessandrodesign.ro/collections/van,404,,nu,,colectia nu mai exista in Shopify (stearsa)
lista DWF,https://www.alessandrodesign.ro/collections/brennan,404,,nu,,colectia nu mai exista in Shopify (stearsa)
lista DWF,https://www.alessandrodesign.ro/collections/burbuja,404,,nu,,colectia nu mai exista in Shopify (stearsa)
lista DWF,https://www.alessandrodesign.ro/collections/boone,404,,nu,,colectia nu mai exista in Shopify (stearsa)
lista DWF,https://www.alessandrodesign.ro/collections/yana,404,,nu,,colectia nu mai exista in Shopify (stearsa)
lista DWF,https://www.alessandrodesign.ro/collections/saturn,404,,nu,,colectia nu mai exista in Shopify (stearsa)
lista DWF,https://www.alessandrodesign.ro/collections/shanderia,404,,nu,,colectia nu mai exista in Shopify (stearsa)
lista DWF,https://www.alessandrodesign.ro/collections/cilikan,404,,nu,,colectia nu mai exista in Shopify (stearsa)
lista DWF,https://www.alessandrodesign.ro/collections/coco,404,,nu,,colectia nu mai exista in Shopify (stearsa)
lista DWF,https://www.alessandrodesign.ro/collections/ema,404,,nu,,colectia nu mai exista in Shopify (stearsa)
lista DWF,https://www.alessandrodesign.ro/collections/eleganta,404,,nu,,colectia nu mai exista in Shopify (stearsa)
lista DWF,https://www.alessandrodesign.ro/collections/dupont,404,,nu,,colectia nu mai exista in Shopify (stearsa)
lista DWF,https://www.alessandrodesign.ro/collections/silas,404,,nu,,colectia nu mai exista in Shopify (stearsa)
lista DWF,https://www.alessandrodesign.ro/collections/sirkel,404,,nu,,colectia nu mai exista in Shopify (stearsa)
lista DWF,https://www.alessandrodesign.ro/collections/elmo,404,,nu,,colectia nu mai exista in Shopify (stearsa)
lista DWF,https://www.alessandrodesign.ro/collections/dalia,404,,nu,,colectia nu mai exista in Shopify (stearsa)
lista DWF,https://www.alessandrodesign.ro/collections/sofiana,404,,nu,,colectia nu mai exista in Shopify (stearsa)
lista DWF,https://www.alessandrodesign.ro/collections/seile,404,,nu,,colectia nu mai exista in Shopify (stearsa)
lista DWF,https://www.alessandrodesign.ro/collections/colter,404,,nu,,colectia nu mai exista in Shopify (stearsa)
lista DWF,https://www.alessandrodesign.ro/collections/seffaf,404,,nu,,colectia nu mai exista in Shopify (stearsa)
lista DWF,https://www.alessandrodesign.ro/collections/ellery,404,,nu,,colectia nu mai exista in Shopify (stearsa)
lista DWF,https://www.alessandrodesign.ro/collections/eva,404,,nu,,colectia nu mai exista in Shopify (stearsa)
lista DWF,https://www.alessandrodesign.ro/collections/skye,404,,nu,,colectia nu mai exista in Shopify (stearsa)
lista DWF,https://www.alessandrodesign.ro/collections/simard,404,,nu,,colectia nu mai exista in Shopify (stearsa)
lista DWF,https://www.alessandrodesign.ro/collections/romero,404,,nu,,colectia nu mai exista in Shopify (stearsa)
lista DWF,https://www.alessandrodesign.ro/collections/dakota,404,,nu,,colectia nu mai exista in Shopify (stearsa)
lista DWF,https://www.alessandrodesign.ro/collections/samir,404,,nu,,colectia nu mai exista in Shopify (stearsa)
lista DWF,https://www.alessandrodesign.ro/collections/roha,404,,nu,,colectia nu mai exista in Shopify (stearsa)
lista DWF,https://www.alessandrodesign.ro/collections/doira,404,,nu,,colectia nu mai exista in Shopify (stearsa)
lista DWF,https://www.alessandrodesign.ro/collections/salem,404,,nu,,colectia nu mai exista in Shopify (stearsa)
lista DWF,https://www.alessandrodesign.ro/collections/enoch,404,,nu,,colectia nu mai exista in Shopify (stearsa)
lista DWF,https://www.alessandrodesign.ro/collections/emery,404,,nu,,colectia nu mai exista in Shopify (stearsa)
lista DWF,https://www.alessandrodesign.ro/collections/csillar,404,,nu,,colectia nu mai exista in Shopify (stearsa)
lista DWF,https://www.alessandrodesign.ro/collections/dondiego,404,,nu,,colectia nu mai exista in Shopify (stearsa)
lista DWF,https://www.alessandrodesign.ro/collections/espacio,404,,nu,,colectia nu mai exista in Shopify (stearsa)
lista DWF,https://www.alessandrodesign.ro/collections/esagono,404,,nu,,colectia nu mai exista in Shopify (stearsa)
lista DWF,https://www.alessandrodesign.ro/collections/rudy,404,,nu,,colectia nu mai exista in Shopify (stearsa)
lista DWF,https://www.alessandrodesign.ro/collections/spatika,404,,nu,,colectia nu mai exista in Shopify (stearsa)
lista DWF,https://www.alessandrodesign.ro/collections/divya,404,,nu,,colectia nu mai exista in Shopify (stearsa)
lista DWF,https://www.alessandrodesign.ro/collections/sages,404,,nu,,colectia nu mai exista in Shopify (stearsa)
lista DWF,https://www.alessandrodesign.ro/collections/sediko,404,,nu,,colectia nu mai exista in Shopify (stearsa)
lista DWF,https://www.alessandrodesign.ro/collections/coralia,404,,nu,,colectia nu mai exista in Shopify (stearsa)
lista DWF,https://www.alessandrodesign.ro/collections/sabong,404,,nu,,colectia nu mai exista in Shopify (stearsa)
lista DWF,https://www.alessandrodesign.ro/collections/ermias,404,,nu,,colectia nu mai exista in Shopify (stearsa)
lista DWF,https://www.alessandrodesign.ro/collections/finley,404,,nu,,colectia nu mai exista in Shopify (stearsa)
lista DWF,https://www.alessandrodesign.ro/collections/fololo,404,,nu,,colectia nu mai exista in Shopify (stearsa)
lista DWF,https://www.alessandrodesign.ro/collections/quentin,404,,nu,,colectia nu mai exista in Shopify (stearsa)
lista DWF,https://www.alessandrodesign.ro/collections/garis,404,,nu,,colectia nu mai exista in Shopify (stearsa)
lista DWF,https://www.alessandrodesign.ro/collections/gio,404,,nu,,colectia nu mai exista in Shopify (stearsa)
lista DWF,https://www.alessandrodesign.ro/collections/ramos,404,,nu,,colectia nu mai exista in Shopify (stearsa)
lista DWF,https://www.alessandrodesign.ro/collections/finnegan,404,,nu,,colectia nu mai exista in Shopify (stearsa)
lista DWF,https://www.alessandrodesign.ro/collections/hateya,404,,nu,,colectia nu mai exista in Shopify (stearsa)
lista DWF,https://www.alessandrodesign.ro/collections/hansen,404,,nu,,colectia nu mai exista in Shopify (stearsa)
lista DWF,https://www.alessandrodesign.ro/collections/ezra,404,,nu,,colectia nu mai exista in Shopify (stearsa)
lista DWF,https://www.alessandrodesign.ro/collections/freya,404,,nu,,colectia nu mai exista in Shopify (stearsa)
lista DWF,https://www.alessandrodesign.ro/collections/fuente,404,,nu,,colectia nu mai exista in Shopify (stearsa)
lista DWF,https://www.alessandrodesign.ro/collections/ratas,404,,nu,,colectia nu mai exista in Shopify (stearsa)
lista DWF,https://www.alessandrodesign.ro/collections/rey,404,,nu,,colectia nu mai exista in Shopify (stearsa)
lista DWF,https://www.alessandrodesign.ro/collections/regal,404,,nu,,colectia nu mai exista in Shopify (stearsa)
lista DWF,https://www.alessandrodesign.ro/collections/flynn,404,,nu,,colectia nu mai exista in Shopify (stearsa)
lista DWF,https://www.alessandrodesign.ro/collections/hana,404,,nu,,colectia nu mai exista in Shopify (stearsa)
lista DWF,https://www.alessandrodesign.ro/collections/glen,404,,nu,,colectia nu mai exista in Shopify (stearsa)
lista DWF,https://www.alessandrodesign.ro/collections/reece,404,,nu,,colectia nu mai exista in Shopify (stearsa)
lista DWF,https://www.alessandrodesign.ro/collections/rio,404,,nu,,colectia nu mai exista in Shopify (stearsa)
lista DWF,https://www.alessandrodesign.ro/collections/planete,404,,nu,,colectia nu mai exista in Shopify (stearsa)
lista DWF,https://www.alessandrodesign.ro/collections/hadria,404,,nu,,colectia nu mai exista in Shopify (stearsa)
lista DWF,https://www.alessandrodesign.ro/collections/gellen,404,,nu,,colectia nu mai exista in Shopify (stearsa)
lista DWF,https://www.alessandrodesign.ro/collections/ovalni,404,,nu,,colectia nu mai exista in Shopify (stearsa)
lista DWF,https://www.alessandrodesign.ro/collections/preto,404,,nu,,colectia nu mai exista in Shopify (stearsa)
lista DWF,https://www.alessandrodesign.ro/collections/poulin,404,,nu,,colectia nu mai exista in Shopify (stearsa)
lista DWF,https://www.alessandrodesign.ro/collections/pablof,404,,nu,,colectia nu mai exista in Shopify (stearsa)
lista DWF,https://www.alessandrodesign.ro/collections/hamza,404,,nu,,colectia nu mai exista in Shopify (stearsa)
lista DWF,https://www.alessandrodesign.ro/collections/gideon,404,,nu,,colectia nu mai exista in Shopify (stearsa)
lista DWF,https://www.alessandrodesign.ro/collections/hassan,404,,nu,,colectia nu mai exista in Shopify (stearsa)
lista DWF,https://www.alessandrodesign.ro/collections/foroma,404,,nu,,colectia nu mai exista in Shopify (stearsa)
lista DWF,https://www.alessandrodesign.ro/collections/primula,404,,nu,,colectia nu mai exista in Shopify (stearsa)
lista DWF,https://www.alessandrodesign.ro/collections/evans,404,,nu,,colectia nu mai exista in Shopify (stearsa)
lista DWF,https://www.alessandrodesign.ro/collections/accesorii-baterii,200,,da,6,
lista DWF,https://www.alessandrodesign.ro/collections/aplice-ceas,404,,nu,,colectia nu mai exista in Shopify (stearsa)
lista DWF,https://www.alessandrodesign.ro/collections/bec-colorat,404,,nu,,colectia nu mai exista in Shopify (stearsa)
lista DWF,https://www.alessandrodesign.ro/collections/bucatarii-profesionale,404,,nu,,colectia nu mai exista in Shopify (stearsa)
lista DWF,https://www.alessandrodesign.ro/collections/tree-lamp,404,,nu,,colectia nu mai exista in Shopify (stearsa)
lista DWF,https://www.alessandrodesign.ro/collections/colectie,404,,nu,,colectia nu mai exista in Shopify (stearsa)
lista DWF,https://www.alessandrodesign.ro/collections/suport-chiuveta,404,,nu,,colectia nu mai exista in Shopify (stearsa)
lista DWF,https://www.alessandrodesign.ro/collections/spatiu-cosmic,404,,nu,,colectia nu mai exista in Shopify (stearsa)
lista DWF,https://www.alessandrodesign.ro/collections/dop-chiuveta,404,,nu,,colectia nu mai exista in Shopify (stearsa)
lista DWF,https://www.alessandrodesign.ro/collections/spring-sale,404,,nu,,colectia nu mai exista in Shopify (stearsa)
lista DWF,https://www.alessandrodesign.ro/collections/super-oferta,404,,nu,,colectia nu mai exista in Shopify (stearsa)
lista DWF,https://www.alessandrodesign.ro/collections/suport-sapun,404,,nu,,colectia nu mai exista in Shopify (stearsa)
lista DWF,https://www.alessandrodesign.ro/collections/panou-hidromasaj,404,,nu,,colectia nu mai exista in Shopify (stearsa)
lista DWF,https://www.alessandrodesign.ro/collections/robinet-electric,404,,nu,,colectia nu mai exista in Shopify (stearsa)
lista DWF,https://www.alessandrodesign.ro/collections/para-korman,404,,nu,,colectia nu mai exista in Shopify (stearsa)
lista DWF,https://www.alessandrodesign.ro/collections/candelabre-la-comanda,404,,nu,,colectia nu mai exista in Shopify (stearsa)
lista DWF,https://www.alessandrodesign.ro/collections/aplica-decorativa-pena,404,,nu,,colectia nu mai exista in Shopify (stearsa)
lista DWF,https://www.alessandrodesign.ro/collections/bec-led-neon,404,,nu,,colectia nu mai exista in Shopify (stearsa)
lista DWF,https://www.alessandrodesign.ro/collections/colectia-de-iarna,404,,nu,,colectia nu mai exista in Shopify (stearsa)
lista DWF,https://www.alessandrodesign.ro/collections/senzor-de-miscare,301,https://www.alessandrodesign.ro/,nu,,redirect catre homepage
lista DWF,https://www.alessandrodesign.ro/collections/perie-dus-omi,404,,nu,,colectia nu mai exista in Shopify (stearsa)
lista DWF,https://www.alessandrodesign.ro/collections/fantas-led-g9,404,,nu,,colectia nu mai exista in Shopify (stearsa)
lista DWF,https://www.alessandrodesign.ro/collections/set-9-cuburi-rotative,404,,nu,,colectia nu mai exista in Shopify (stearsa)
lista DWF,https://www.alessandrodesign.ro/collections/puzzle-reversibil-3-in-1,404,,nu,,colectia nu mai exista in Shopify (stearsa)
goala acum (nu e in lista DWF),https://www.alessandrodesign.ro/collections/intrerupatoare,200,,da,0,
goala acum (nu e in lista DWF),https://www.alessandrodesign.ro/collections/suport-prosop,200,,da,0,
goala acum (nu e in lista DWF),https://www.alessandrodesign.ro/collections/benzi-led-220v,200,,da,0,
goala acum (nu e in lista DWF),https://www.alessandrodesign.ro/collections/resigilate,200,,da,0,
goala acum (nu e in lista DWF),https://www.alessandrodesign.ro/collections/baterii-freestanding,200,,da,0,
goala acum (nu e in lista DWF),https://www.alessandrodesign.ro/collections/produse-pret-0-test,200,,da,0,
goala acum (nu e in lista DWF),https://www.alessandrodesign.ro/collections/para-de-dus,200,,da,0,in meniu: Baie > Accesorii Baie
