Redirect from,Redirect to
/collections/andakar,/
/collections/alonzo,/
/collections/alonso,/
/collections/agnes,/
/collections/amora,/
/collections/alice,/
/collections/alexandra,/
/collections/adelie,/
/collections/alvin,/
/collections/amias,/
/collections/8937-400,/
/collections/alfonso,/
/collections/ameer,/
/collections/allien,/
/collections/arlo,/
/collections/andi,/
/collections/beau,/
/collections/awinita,/
/collections/benicio,/
/collections/anne,/
/collections/arjun,/
/collections/baharas,/
/collections/benson,/
/collections/atena,/
/collections/zyaire,/
/collections/benedict,/
/collections/zeta,/
/collections/averian,/
/collections/aniani,/
/collections/asimetric,/
/collections/azriel,/
/collections/avi,/
/collections/axl,/
/collections/archie,/
/collections/zyrandiol,/
/collections/zonta,/
/collections/zilara,/
/collections/ashton,/
/collections/wanja,/
/collections/zahir,/
/collections/billoori,/
/collections/chyou,/
/collections/camlo,/
/collections/casedas,/
/collections/blaine,/
/collections/bjorn,/
/collections/yousef,/
/collections/vape,/
/collections/carmelo,/
/collections/cercus,/
/collections/waylon,/
/collections/togo,/
/collections/tobar,/
/collections/callan,/
/collections/canens,/
/collections/borealis,/
/collections/wakuda,/
/collections/bodhi,/
/collections/wade,/
/collections/bumiti,/
/collections/zakai,/
/collections/valencia,/
/collections/brodie,/
/collections/briar,/
/collections/wylder,/
/collections/yamada,/
/collections/cameron,/
/collections/yancy,/
/collections/blume,/
/collections/carla,/
/collections/bryce,/
/collections/wells,/
/collections/sylas,/
/collections/telozoro,/
/collections/york,/
/collections/tamailo,/
/collections/blummen,/
/collections/vierkant,/
/collections/bowen,/
/collections/vanta,/
/collections/waneta,/
/collections/buibini,/
/collections/briggs,/
/collections/yehuda,/
/collections/valovi,/
/collections/berna,/
/collections/vihaan,/
/collections/van,/
/collections/brennan,/
/collections/burbuja,/
/collections/boone,/
/collections/yana,/
/collections/saturn,/
/collections/shanderia,/
/collections/cilikan,/
/collections/coco,/
/collections/ema,/
/collections/eleganta,/
/collections/dupont,/
/collections/silas,/
/collections/sirkel,/
/collections/elmo,/
/collections/dalia,/
/collections/sofiana,/
/collections/seile,/
/collections/colter,/
/collections/seffaf,/
/collections/ellery,/
/collections/eva,/
/collections/skye,/
/collections/simard,/
/collections/romero,/
/collections/dakota,/
/collections/samir,/
/collections/roha,/
/collections/doira,/
/collections/salem,/
/collections/enoch,/
/collections/emery,/
/collections/csillar,/
/collections/dondiego,/
/collections/espacio,/
/collections/esagono,/
/collections/rudy,/
/collections/spatika,/
/collections/divya,/
/collections/sages,/
/collections/sediko,/
/collections/coralia,/
/collections/sabong,/
/collections/ermias,/
/collections/finley,/
/collections/fololo,/
/collections/quentin,/
/collections/garis,/
/collections/gio,/
/collections/ramos,/
/collections/finnegan,/
/collections/hateya,/
/collections/hansen,/
/collections/ezra,/
/collections/freya,/
/collections/fuente,/
/collections/ratas,/
/collections/rey,/
/collections/regal,/
/collections/flynn,/
/collections/hana,/
/collections/glen,/
/collections/reece,/
/collections/rio,/
/collections/planete,/
/collections/hadria,/
/collections/gellen,/
/collections/ovalni,/
/collections/preto,/
/collections/poulin,/
/collections/pablof,/
/collections/hamza,/
/collections/gideon,/
/collections/hassan,/
/collections/foroma,/
/collections/primula,/
/collections/evans,/
/collections/aplice-ceas,/
/collections/bec-colorat,/
/collections/bucatarii-profesionale,/
/collections/tree-lamp,/
/collections/colectie,/
/collections/suport-chiuveta,/
/collections/spatiu-cosmic,/
/collections/dop-chiuveta,/
/collections/spring-sale,/
/collections/super-oferta,/
/collections/suport-sapun,/
/collections/panou-hidromasaj,/
/collections/robinet-electric,/
/collections/para-korman,/
/collections/candelabre-la-comanda,/
/collections/aplica-decorativa-pena,/
/collections/bec-led-neon,/
/collections/colectia-de-iarna,/
/collections/perie-dus-omi,/
/collections/fantas-led-g9,/
/collections/set-9-cuburi-rotative,/
/collections/puzzle-reversibil-3-in-1,/
/collections/iluminat-stradal,/
/collections/stalp-de-iluminat,/
