URL,Produs,Brand,Tip produs,Admin
https://www.alessandrodesign.ro/products/furtun-tip-arc-200-cm-crom-far200,"Furtun Tip Arc, 200 cm, Crom, FAR200",Alessandro Design,,https://admin.shopify.com/store/d8cgqq-8s/products/10738320245003
https://www.alessandrodesign.ro/products/organizator-chiuveta-pentru-uscat-vasele-otel-inoxidabil,"Organizator chiuveta pentru uscat vasele, otel inoxidabil",Alessandro Design,,https://admin.shopify.com/store/d8cgqq-8s/products/10791784907019
https://www.alessandrodesign.ro/products/panou-artificial-100x100cm-verde,"Planta Artificială Panou de Gard Viu Cu Plante Mixte, 100x100cm, Verde",Alessandro Design,,https://admin.shopify.com/store/d8cgqq-8s/products/9759976161547
https://www.alessandrodesign.ro/products/panou-artificial-50x50cm-verde,"Planta Artificială Panou de Gard Viu Cu Plante Mixte, 50x50cm, Verde",Alessandro Design,,https://admin.shopify.com/store/d8cgqq-8s/products/9759975571723
https://www.alessandrodesign.ro/products/panou-artificial-60x40cm-verde,"Planta Artificială Panou de Gard Viu, 60x40cm, Verde",Alessandro Design,,https://admin.shopify.com/store/d8cgqq-8s/products/9794520678667
https://www.alessandrodesign.ro/products/set-jucarii-din-plastic-printesa-si-pisicuta-plastic-10-piese,"Set Jucarii din Plastic Printesa si Pisicuta, Plastic, 10 Piese",Alessandro Design,,https://admin.shopify.com/store/d8cgqq-8s/products/9758094786827
https://www.alessandrodesign.ro/products/set-jucarii-din-plastic-printesa-si-pisicuta-plastic-9-piese,"Set Jucarii din Plastic Printesa si Pisicuta, Plastic, 9 Piese",Alessandro Design,,https://admin.shopify.com/store/d8cgqq-8s/products/9758096916747
https://www.alessandrodesign.ro/products/spot-led-cosmic-3w-lumina-rece-calda-neutra-19a,"Spot LED Cosmic, 3W, Lumina Rece/Calda/Neutra, 19A",Alessandro Design,,https://admin.shopify.com/store/d8cgqq-8s/products/10793480683787
https://www.alessandrodesign.ro/products/dop-pentru-chiuveta-gri-cauciuc-od-ac1-gri,"Dop pentru Chiuveta, Gri, Cauciuc, OD/AC1/GRI",Alessandro Design,Accesorii Baie,https://admin.shopify.com/store/d8cgqq-8s/products/10738338955531
https://www.alessandrodesign.ro/products/perie-de-toaleta-inox-gungrey-gj618,"Perie de Toaleta, Inox, GunGrey GJ618",Alessandro Design,Accesorii Baie,https://admin.shopify.com/store/d8cgqq-8s/products/10792496234763
https://www.alessandrodesign.ro/products/suport-feon-si-accesorii-baie-metalic-gri,"Suport Feon si Accesorii Baie Metalic, Gri",Alessandro Design,Accesorii Baie,https://admin.shopify.com/store/d8cgqq-8s/products/9760420593931
https://www.alessandrodesign.ro/products/coloana-de-dus-od-96604-1,"Coloana de dus MELLON, Metal, Para Patrata, Efect Ploaie, 3 Functii, Montare Pe Perete, Negru, Accesorii Incluse",Alessandro Design,Baterii & Coloane de Duș,https://admin.shopify.com/store/d8cgqq-8s/products/10916656382219
https://www.alessandrodesign.ro/products/para-de-dus-abs-3-functii-gri-pd202,"Para de Dus, ABS, 3 Functii, Gri, PD202",Alessandro Design,Baterii & Coloane de Duș,https://admin.shopify.com/store/d8cgqq-8s/products/10652342059275
https://www.alessandrodesign.ro/products/banda-led-12w-m-24v-10m-ip20-6000k,Banda LED 12W/m 24V 10m IP20 6000K,Alessandro Design,Benzi LED 12V,https://admin.shopify.com/store/d8cgqq-8s/products/9760402505995
https://www.alessandrodesign.ro/products/rola-folie-cu-bule-85mmx300m,Rola folie cu bule 85MMX250M,Alessandro Design,Consumabile,https://admin.shopify.com/store/d8cgqq-8s/products/9760858833163
https://www.alessandrodesign.ro/products/set-3-covorase-de-baie-50x40-cm-maro-antiderapant,"Set 3 Covorase de Baie, 50x40 cm, Maro, Antiderapant",Alessandro Design,Covoare Baie,https://admin.shopify.com/store/d8cgqq-8s/products/10794297458955
https://www.alessandrodesign.ro/products/sina-pentru-proiectoare-led-1m-alb,"Sina pentru Proiectoare LED, 1m, Alb,",Alessandro Design,Iluminat Comercial,https://admin.shopify.com/store/d8cgqq-8s/products/9757327491339
https://www.alessandrodesign.ro/products/4-bucati-rezerve-periuta-electrica-oral-b-io-ultimate-clean-curatare-avansata-si-indicator-inlocuire,4 Bucati Rezerve Periuta Electrica Oral-B iO Ultimate Clean: Curatare  Avansată si Indicator Înlocuire,Alessandro Design,Ingrijire Personala,https://admin.shopify.com/store/d8cgqq-8s/products/10794278387979
https://www.alessandrodesign.ro/products/set-100-buc-scobitori-cu-ata-dentara-cu-cutie-disposal,Set 100 buc Scobitori cu ata dentara cu cutie disposal,Alessandro Design,Ingrijire Personala,https://admin.shopify.com/store/d8cgqq-8s/products/9760900612363
https://www.alessandrodesign.ro/products/suport-de-masina-pentru-afisarea-numarului-de-telefon-albastru,"Suport de Masina Pentru Afisarea Numarului de Telefon, Albastru",Alessandro Design,LifeStyle,https://admin.shopify.com/store/d8cgqq-8s/products/9757319266571
https://www.alessandrodesign.ro/products/lustra-led-cu-telecomanda-hortensia-190w-dimabila-alb,Lustra LED cu Telecomanda Hortensia 190W Dimabila Alb,Alessandro Design,Lustre LED Aplicate,https://admin.shopify.com/store/d8cgqq-8s/products/10792977334539
https://www.alessandrodesign.ro/products/lustra-led-cu-telecomanda-101w-stele-lumina-rece-calda-neutra-dimabila-alb,"Lustra LED cu telecomanda 49W,  Stele, lumina Rece/Calda/Neutra, Dimabila, Alb",Alessandro Design,Lustre LED cu Telecomanda,https://admin.shopify.com/store/d8cgqq-8s/products/10668816793867
https://www.alessandrodesign.ro/products/lustra-led-cu-telecomanda-41w-3-elemente-liniara-lumina-rece-calda-neutra-dimabila-negru,"Lustra LED cu telecomanda 41W, 3 Elemente, Liniara, lumina Rece/Calda/Neutra, Dimabila, Negru",Alessandro Design,Lustre LED cu Telecomanda,https://admin.shopify.com/store/d8cgqq-8s/products/10669161316619
https://www.alessandrodesign.ro/products/lustra-led-cu-telecomanda-96w-4-elemente-lumina-rece-calda-neutra-dimabila-negru,"Lustra LED cu telecomanda 96W, 4 Elemente, lumina Rece/Calda/Neutra, Dimabila, Negru",Alessandro Design,Lustre LED cu Telecomanda,https://admin.shopify.com/store/d8cgqq-8s/products/10716488958219
https://www.alessandrodesign.ro/products/lustra-led-cu-telecomanda-98w-4-elemente-lumina-rece-calda-neutra-dimabila-auriu,"Lustra LED cu telecomanda 96W, 4 Elemente, lumina Rece/Calda/Neutra, Dimabila, Auriu",Alessandro Design,Lustre LED cu Telecomanda,https://admin.shopify.com/store/d8cgqq-8s/products/10716510191883
https://www.alessandrodesign.ro/products/lustra-led-suspendata-cu-telecomanda-cristale-k9-29w-1-cerc-lumina-rece-calda-neutra-dimabila-auriu-inaltime-reglabila,"Lustra LED suspendata cu telecomanda, Cristale K9, 29W, 1 Cerc, lumina Rece/Calda/Neutra, Dimabila, Auriu, Inaltime Reglabila",Alessandro Design,Lustre LED cu Telecomanda,https://admin.shopify.com/store/d8cgqq-8s/products/10674807374091
https://www.alessandrodesign.ro/products/lustra-led-suspendata-cu-telecomanda-cristale-k9-28w-1-cerc-lumina-rece-calda-neutra-dimabila-negru-inaltime-reglabila,"Lustra LED suspendata cu telecomanda, Cristale K9, 28W, 1 Cerc, lumina Rece/Calda/Neutra, Dimabila, Negru, Inaltime Reglabila",Alessandro Design,Lustre Moderne,https://admin.shopify.com/store/d8cgqq-8s/products/10668973818123
https://www.alessandrodesign.ro/products/lustra-led-suspendata-cu-telecomanda-cristale-k9-73w-2-cerc-lumina-rece-calda-neutra-dimabila-negru-inaltime-reglabila,"Lustra LED suspendata cu telecomanda, Cristale K9, 73W, 2 Cerc, 60 cm, lumina Rece/Calda/Neutra, Dimabila, Negru, Inaltime Reglabila",Alessandro Design,Lustre Moderne,https://admin.shopify.com/store/d8cgqq-8s/products/10668876005643
https://www.alessandrodesign.ro/products/lustra-led-suspendata-cu-telecomanda-cristale-k9-80ww-3-cercuri-lumina-rece-calda-neutra-dimabila-negru-inaltime-reglabila,"Lustra LED suspendata cu telecomanda, Cristale K9, 117W, 3 Cercuri, lumina Rece/Calda/Neutra, Dimabila, Negru, Inaltime Reglabila",Alessandro Design,Lustre Moderne,https://admin.shopify.com/store/d8cgqq-8s/products/10668991840523
https://www.alessandrodesign.ro/products/oglinda-led-e43s-50x80,"Oglinda LED Poligon E43S/50X80, Lumina si Sistem Dezaburire, 50X80cm",Alessandro Design,Oglinda Baie cu LED si Dezaburire,https://admin.shopify.com/store/d8cgqq-8s/products/10837140111627
https://www.alessandrodesign.ro/products/oglinda-led-touch-c206s-50x70,"Oglinda LED Rectangulara, 50x70cm, C206S/50X70 Touch, Sistem Dezaburire, Dimabila",Alessandro Design,Oglinzi Korman C,https://admin.shopify.com/store/d8cgqq-8s/products/10833529110795
https://www.alessandrodesign.ro/products/oglinda-led-clarivo-dreptunghiulara-80x60cm-touch-sistem-dezaburire,"Oglinda LED CLARIVO Dreptunghiulara, 80X60cm, Touch, Sistem Dezaburire",Alessandro Design,Oglinzi Korman E,https://admin.shopify.com/store/d8cgqq-8s/products/9779342115083
https://www.alessandrodesign.ro/products/oglinda-led-neregulata-dezaburire-40x60cm-z001basic-touch,"Oglinda LED Neregulata, Dezaburire, 40x60cm, Z001 Basic Touch",Alessandro Design,Oglinzi Korman E,https://admin.shopify.com/store/d8cgqq-8s/products/10797181993227
https://www.alessandrodesign.ro/products/oglinda-led-neregulata-dezaburire-60x80cm-z001-basic-touch,"Oglinda LED Neregulata, Dezaburire, 60x80cm, Z001 Basic Touch",Alessandro Design,Oglinzi Korman E,https://admin.shopify.com/store/d8cgqq-8s/products/10797186449675
https://www.alessandrodesign.ro/products/oglinda-led-ovala-50x100cm-vetro-touch-sistem-dezaburire-dimabila-rama-neagra,"Oglinda LED Ovala 50x100cm VETRO Touch Sistem Dezaburire Dimabila, Rama Neagra",Alessandro Design,Oglinzi Korman E,https://admin.shopify.com/store/d8cgqq-8s/products/9779340411147
https://www.alessandrodesign.ro/products/oglinda-led-ovala-dezaburire-50x70cm-z015-basic-touch,"Oglinda LED Ovala, Dezaburire, 50x70cm, Z015 Basic Touch",Alessandro Design,Oglinzi Korman E,https://admin.shopify.com/store/d8cgqq-8s/products/10797214171403
https://www.alessandrodesign.ro/products/oglinda-led-ovala-dezaburire-60x54cm-z014-basic-touch,"Oglinda LED Ovala, Dezaburire, 60x54cm, Z014 Basic Touch",Alessandro Design,Oglinzi Korman E,https://admin.shopify.com/store/d8cgqq-8s/products/10797198541067
https://www.alessandrodesign.ro/products/oglinda-led-ovala-dezaburire-70x63cm-z014-basic-touch,"Oglinda LED Ovala, Dezaburire, 70x63cm, Z014 Basic Touch",Alessandro Design,Oglinzi Korman E,https://admin.shopify.com/store/d8cgqq-8s/products/10797199589643
https://www.alessandrodesign.ro/products/oglinda-led-ovala-dezaburire-80x50cm-z012-basic-touch,"Oglinda LED Ovala, Dezaburire, 80x50cm, Z012 Basic Touch",Alessandro Design,Oglinzi Korman E,https://admin.shopify.com/store/d8cgqq-8s/products/10797194838283
https://www.alessandrodesign.ro/products/oglinda-led-rayna-touch-80x60-cm-functie-dezaburire-rama-auriu-brushed,"Oglinda LED RAYNA Touch, 80x60 cm, functie Dezaburire, Rama Auriu Brushed",Alessandro Design,Oglinzi Korman E,https://admin.shopify.com/store/d8cgqq-8s/products/9779340935435
https://www.alessandrodesign.ro/products/oglinda-led-rectangulara-50x70cm-linea-touch-sistem-dezaburire-dimabila,"Oglinda LED Rectangulara, 50x70cm, Linea Touch, Sistem Dezaburire, Dimabila",Alessandro Design,Oglinzi Korman E,https://admin.shopify.com/store/d8cgqq-8s/products/10693549916427
https://www.alessandrodesign.ro/products/oglinda-led-rectangulara-80x60cm-linea-touch-sistem-dezaburire-dimabila,"Oglinda LED Rectangulara, 80x60cm, Linea Touch, Sistem Dezaburire, Dimabila",Alessandro Design,Oglinzi Korman E,https://admin.shopify.com/store/d8cgqq-8s/products/10727183122699
https://www.alessandrodesign.ro/products/oglinda-led-rentagulara-80x60cm-touch-venera-sistem-dezaburire-dimabila,"Oglinda LED Rentagulara, 80x60cm, Touch VENERA , Sistem Dezaburire,Dimabila",Alessandro Design,Oglinzi Korman E,https://admin.shopify.com/store/d8cgqq-8s/products/9779341328651
https://www.alessandrodesign.ro/products/oglinda-led-touch-alexandra-sistem-dezaburire-45x60cm-colectia-korman,"Oglinda LED Touch Alexandra,Sistem Dezaburire 45X60cm",Alessandro Design,Oglinzi Korman E,https://admin.shopify.com/store/d8cgqq-8s/products/9779341263115
https://www.alessandrodesign.ro/products/oglinda-led-touch-avonita-sistem-dezaburire-87x70cm-colectia-korman,"Oglinda LED Touch Avonita Sistem Dezaburire 87X70cm, E83S/87X70",Alessandro Design,Oglinzi Korman E,https://admin.shopify.com/store/d8cgqq-8s/products/9779342377227
https://www.alessandrodesign.ro/products/oglinda-led-touch-impora-sistem-dezaburire-50x80-cm-rama-rose-gold-colectia-korman-technik,Oglinda LED Touch Impora Sistem Dezaburire 50x80 cm Rama Rose Gold,Alessandro Design,Oglinzi Korman E,https://admin.shopify.com/store/d8cgqq-8s/products/9779340181771
https://www.alessandrodesign.ro/products/oglinda-led-touch-infima-sistem-dezaburire-60x80cm-colectia-korman,"Oglinda LED Touch Infima Sistem Dezaburire, 4000K, 60X80cm",Alessandro Design,Oglinzi Korman E,https://admin.shopify.com/store/d8cgqq-8s/products/9779342180619
https://www.alessandrodesign.ro/products/oglinda-led-touch-infinitium-sistem-dezaburire-60x80cm-colectia-korman,"Oglinda LED Touch Infinitium Sistem Dezaburire, 4000K, 60X80cm",Alessandro Design,Oglinzi Korman E,https://admin.shopify.com/store/d8cgqq-8s/products/9779341852939
https://www.alessandrodesign.ro/products/oglinda-led-touch-infinitum-sistem-dezaburire-60x80cm-colectia-korman,Oglinda LED Touch Infinitum Sistem Dezaburire 60X80cm,Alessandro Design,Oglinzi Korman E,https://admin.shopify.com/store/d8cgqq-8s/products/9779341689099
https://www.alessandrodesign.ro/products/oglinda-led-touch-kariri-60x80-cm-functie-dezaburire-rama-gold-rose-brushed-korman-technik,"Oglinda LED Touch Kariri, 60x80 cm, functie Dezaburire, Rama Gold Rose Brushed",Alessandro Design,Oglinzi Korman E,https://admin.shopify.com/store/d8cgqq-8s/products/9779341000971
https://www.alessandrodesign.ro/products/oglinda-led-touch-kariri-80x60-cm-functie-dezaburire-rama-gold-rose-brushed-korman-technik,"Oglinda LED Touch Kariri, 80x60 cm, functie Dezaburire, Rama Gold Rose Brushed",Alessandro Design,Oglinzi Korman E,https://admin.shopify.com/store/d8cgqq-8s/products/9779341066507
https://www.alessandrodesign.ro/products/oglinda-led-touch-river-sistem-dezaburire-80x120cm-colectia-korman,"Oglinda LED Touch River, 52W, Sistem Dezaburire, 80X120cm, Forma de Picatura",Alessandro Design,Oglinzi Korman E,https://admin.shopify.com/store/d8cgqq-8s/products/9779341623563
https://www.alessandrodesign.ro/products/oglinda-led-touch-alfred-sistem-dezaburire-ceas-si-temperatura-60x60-cm-cu-suport-integrat-colectia-korman,"Oglinda LED Touch Alfred Sistem Dezaburire, Ceas si Temperatura 60x60 cm Cu Suport Integrat",Alessandro Design,Oglinzi Korman S,https://admin.shopify.com/store/d8cgqq-8s/products/9779344605451
https://www.alessandrodesign.ro/products/oglinda-led-touch-bernd-sistem-dezaburire-ceas-si-temperatura-80x60-cm-rama-negru-brushed-lupa-cosmetica-colectia-korman,"Oglinda LED Touch Bernd Sistem Dezaburire, Ceas si Temperatura 80x60 cm Rama Negru Brushed Lupa Cosmetica",Alessandro Design,Oglinzi Korman S,https://admin.shopify.com/store/d8cgqq-8s/products/9779343884555
https://www.alessandrodesign.ro/products/oglinda-led-touch-bruno-sistem-dezaburire-ceas-si-temperatura-60x80-cm-rama-argintiu-brushed-colectia-korman,"Oglinda LED Touch Bruno Sistem Dezaburire, Ceas si Temperatura 60x80 cm Rama Auriu Brushed, S84/60X80",Alessandro Design,Oglinzi Korman S,https://admin.shopify.com/store/d8cgqq-8s/products/9779344539915
https://www.alessandrodesign.ro/products/oglinda-led-touch-clarus-sistem-dezaburire-ceas-si-temperatura-60x80-cm-rama-auriu-brushed-lupa-cosmetica,"Oglinda LED Touch CLARUS Sistem Dezaburire, Ceas si Temperatura 60x80 cm Rama Auriu Brushed Lupa Cosmetica",Alessandro Design,Oglinzi Korman S,https://admin.shopify.com/store/d8cgqq-8s/products/9779344015627
https://www.alessandrodesign.ro/products/oglinda-led-touch-clarus-sistem-dezaburire-ceas-si-temperatura-80x60-cm-rama-auriu-brushed-lupa-cosmetica,"Oglinda LED Touch CLARUS Sistem Dezaburire, Ceas si Temperatura 80x60 cm Rama Auriu Brushed Lupa Cosmetica",Alessandro Design,Oglinzi Korman S,https://admin.shopify.com/store/d8cgqq-8s/products/9779343950091
https://www.alessandrodesign.ro/products/oglinda-led-touch-erich-sistem-dezaburire-ceas-si-temperatura-60x80-cm-colectia-korman,"Oglinda LED Touch Erich S86/60X80 Sistem Dezaburire, Ceas si Temperatura 60x80 cm",Alessandro Design,Oglinzi Korman S,https://admin.shopify.com/store/d8cgqq-8s/products/9779344572683
https://www.alessandrodesign.ro/products/oglinda-led-touch-gerhard-sistem-dezaburire-ceas-si-temperatura-60x80-cm-rama-negru-brushed-colectia-korman,"Oglinda LED Touch LUCIDA Sistem Dezaburire, Ceas si Temperatura 60x80 cm Rama Negru Brushed",Alessandro Design,Oglinzi Korman S,https://admin.shopify.com/store/d8cgqq-8s/products/9779343753483
https://www.alessandrodesign.ro/products/oglinda-led-touch-helmut-sistem-dezaburire-ceas-si-temperatura-45x90-cm-rama-negru-brushed-marcello-funghi,"Oglinda LED Touch Helmut, Sistem Dezaburire, Ceas si Temperatura 45x90 cm, Rama Negru, Brushed Marcello Funghi",Alessandro Design,Oglinzi Korman S,https://admin.shopify.com/store/d8cgqq-8s/products/10852606804235
https://www.alessandrodesign.ro/products/oglinda-led-touch-helmut-sistem-dezaburire-ceas-si-temperatura-50x80-cm-rama-negru-brushed-marcello-funghi,"Oglinda LED Touch Helmut Sistem Dezaburire, Ceas si Temperatura 50x80 cm Rama Negru Brushed Marcello Funghi",Alessandro Design,Oglinzi Korman S,https://admin.shopify.com/store/d8cgqq-8s/products/9779344277771
https://www.alessandrodesign.ro/products/oglinda-led-touch-karl-sistem-dezaburire-ceas-si-temperatura-50x70-cm-rama-negru-brushed-colectia-korman,"Oglinda LED Touch LUCIDA Sistem Dezaburire, Ceas si Temperatura 50x70 cm Rama Negru Brushed",Alessandro Design,Oglinzi Korman S,https://admin.shopify.com/store/d8cgqq-8s/products/9779343720715
https://www.alessandrodesign.ro/products/oglinda-led-touch-lusso-sistem-dezaburire-ceas-si-temperatura-50-cm-rama-auriu-brushed,"Oglinda LED Touch LUSSO Sistem Dezaburire, Ceas si Temperatura, 50 cm, rama Auriu Brushed",Alessandro Design,Oglinzi Korman S,https://admin.shopify.com/store/d8cgqq-8s/products/9779343294731
https://www.alessandrodesign.ro/products/oglinda-led-touch-lusso-sistem-dezaburire-ceas-si-temperatura-70-cm-rama-auriu-brushed,"Oglinda LED Touch LUSSO Sistem Dezaburire, Ceas si Temperatura, 70 cm, rama Auriu Brushed",Alessandro Design,Oglinzi Korman S,https://admin.shopify.com/store/d8cgqq-8s/products/10730538139915
https://www.alessandrodesign.ro/products/oglinda-led-touch-modena-sistem-dezaburire-ceas-si-temperatura-60x80-cm,"Oglinda LED Touch MODENA Sistem Dezaburire, Ceas si Temperatura 60x80 cm",Alessandro Design,Oglinzi Korman S,https://admin.shopify.com/store/d8cgqq-8s/products/9779343589643
https://www.alessandrodesign.ro/products/oglinda-led-touch-modena-sistem-dezaburire-ceas-si-temperatura-80x60-cm,"Oglinda LED Touch MODENA Sistem Dezaburire, Ceas si Temperatura 80x60 cm",Alessandro Design,Oglinzi Korman S,https://admin.shopify.com/store/d8cgqq-8s/products/9779343622411
https://www.alessandrodesign.ro/products/oglinda-led-touch-nivera-sistem-dezaburire-ceas-si-temperatura-80x60-cm-lupa-cosmetica,"Oglinda LED Touch NIVERA Sistem Dezaburire, Ceas si Temperatura 80x60 cm Lupa Cosmetica",Alessandro Design,Oglinzi Korman S,https://admin.shopify.com/store/d8cgqq-8s/products/9779344179467
https://www.alessandrodesign.ro/products/oglinda-led-touch-novara-sistem-dezaburire-ceas-si-temperatura-50-cm-rama-negru-brushed,"Oglinda LED Touch NOVARA Sistem Dezaburire, Ceas si Temperatura 50 cm Rama Negru Brushed",Alessandro Design,Oglinzi Korman S,https://admin.shopify.com/store/d8cgqq-8s/products/10728695628043
https://www.alessandrodesign.ro/products/oglinda-led-touch-novara-sistem-dezaburire-ceas-si-temperatura-60-cm-rama-negru-brushed,"Oglinda LED Touch NOVARA Sistem Dezaburire, Ceas si Temperatura 60 cm Rama Negru Brushed",Alessandro Design,Oglinzi Korman S,https://admin.shopify.com/store/d8cgqq-8s/products/9779343491339
https://www.alessandrodesign.ro/products/oglinda-led-touch-novara-sistem-dezaburire-ceas-si-temperatura-70-cm-rama-negru-brushed,"Oglinda LED Touch NOVARA Sistem Dezaburire, Ceas si Temperatura 70 cm Rama Negru Brushed",Alessandro Design,Oglinzi Korman S,https://admin.shopify.com/store/d8cgqq-8s/products/9779343425803
https://www.alessandrodesign.ro/products/oglinda-led-touch-novara-sistem-dezaburire-ceas-si-temperatura-80-cm-rama-negru-brushed,"Oglinda LED Touch NOVARA Sistem Dezaburire, Ceas si Temperatura 80 cm Rama Negru Brushed",Alessandro Design,Oglinzi Korman S,https://admin.shopify.com/store/d8cgqq-8s/products/9779343393035
https://www.alessandrodesign.ro/products/oglinda-led-touch-novara-sistem-dezaburire-ceas-si-temperatura-90-cm-rama-negru-brushed,"Oglinda LED Touch NOVARA Sistem Dezaburire, Ceas si Temperatura 90 cm Rama Negru Brushed",Alessandro Design,Oglinzi Korman S,https://admin.shopify.com/store/d8cgqq-8s/products/9779343327499
https://www.alessandrodesign.ro/products/oglinda-led-touch-onira-sistem-dezaburire-ceas-si-temperatura-50x80-cm,"Oglinda LED Touch ONIRA Sistem Dezaburire, Ceas si Temperatura 50x80 cm",Alessandro Design,Oglinzi Korman S,https://admin.shopify.com/store/d8cgqq-8s/products/9779344507147
https://www.alessandrodesign.ro/products/oglinda-led-touch-ulrich-sistem-dezaburire-ceas-si-temperatura-60x80-cm-rama-negru-brushed-lupa-cosmetica-colectia-korman,"Oglinda LED Touch Ulrich Sistem Dezaburire, Ceas si Temperatura 60x80 cm Rama Negru Brushed Lupa Cosmetica",Alessandro Design,Oglinzi Korman S,https://admin.shopify.com/store/d8cgqq-8s/products/9779343819019
https://www.alessandrodesign.ro/products/oglinda-led-touch-ulrich-sistem-dezaburire-ceas-si-temperatura-75x90-cm-rama-negru-brushed-lupa-cosmetica,"Oglinda LED Touch Ulrich Sistem Dezaburire, Ceas si Temperatura 75x90 cm Rama Negru Brushed Lupa Cosmetica",Alessandro Design,Oglinzi Korman S,https://admin.shopify.com/store/d8cgqq-8s/products/10866637046027
https://www.alessandrodesign.ro/products/oglinda-led-senzor-motionglow-domingo-cu-functie-dezaburire-termometru-ceas-120x65-cm-lumina-rece-calda-neutra-dimabila-rama-negru-brushed-colectia-marcello-funghi,"Oglinda LED Senzor MotionGlow Domingo cu functie Dezaburire Termometru Ceas 120x65 cm Lumina Rece/Calda/Neutra Dimabila, Rama Negru Brushed, colectia Marcello Funghi",Alessandro Design,Oglinzi Marcello,https://admin.shopify.com/store/d8cgqq-8s/products/9779342835979
https://www.alessandrodesign.ro/products/oglinda-led-senzor-motionglow-faratya-sistem-dezaburire-termometru-si-ceas-rama-auriu-periat-rotunda-diametru-100-cm-lumina-rece-calda-neutra-dimabila-colectia-marcello-funghi,Oglinda LED Senzor MotionGlow Faratya Sistem Dezaburire Termometru si Ceas Rama Auriu Periat Rotunda Diametru 100 cm Lumina Rece/Calda/Neutra Dimabila Colectia Marcello Funghi,Alessandro Design,Oglinzi Marcello,https://admin.shopify.com/store/d8cgqq-8s/products/9779342442763
https://www.alessandrodesign.ro/products/oglinda-led-senzor-motionglow-francesca-60x80-cm-lumina-calda-rece-neutra-dimabila-rama-negru-brushed-sistem-dezaburire-termometru-ceas-colectia-marcello-funghi,Oglinda LED Senzor MotionGlow Francesca 60x80 cm Lumina Calda/Rece/Neutra Dimabila Rama Negru Brushed Sistem Dezaburire Termometru Ceas Colectia Marcello Funghi,Alessandro Design,Oglinzi Marcello,https://admin.shopify.com/store/d8cgqq-8s/products/10654598725899
https://www.alessandrodesign.ro/products/oglinda-led-senzor-motionglow-isabell-cu-functie-dezaburire-termometru-ceas-120x80-cm-lumina-calda-rece-neutra-dimabila-rama-rose-gold-brushed-colectia-marcello-funghi,"Oglinda LED Senzor MotionGlow Isabell cu functie Dezaburire Termometru Ceas 120x80 cm Lumina Calda/Rece/Neutra Dimabila, Rama Rose Gold Brushed, Colectia Marcello Funghi",Alessandro Design,Oglinzi Marcello,https://admin.shopify.com/store/d8cgqq-8s/products/9779342934283
https://www.alessandrodesign.ro/products/oglinda-led-senzor-motionglow-sofia-cu-functie-dezaburire-termometru-ceas-110x65-cm-lumina-calda-rece-neutra-dimabila-rama-negru-brushed-colectia-marcello-funghi,"Oglinda LED Senzor MotionGlow Sofia cu functie Dezaburire Termometru Ceas 110x75 cm Lumina Calda/Rece/Neutra Dimabila,Rama Negru Brushed, Colectia Marcello Funghi",Alessandro Design,Oglinzi Marcello,https://admin.shopify.com/store/d8cgqq-8s/products/10647485972747
https://www.alessandrodesign.ro/products/oglinda-led-senzor-motionglow-sofia-cu-functie-dezaburire-termometru-ceas-110x65-cm-lumina-calda-rece-neutra-dimabila-rama-rose-gold-colectia-marcello-funghi,"Oglinda LED Senzor MotionGlow Sofia cu functie Dezaburire Termometru Ceas 110x65 cm Lumina Calda/Rece/Neutra Dimabila,Rama Rose Gold, Colectia Marcello Funghi",Alessandro Design,Oglinzi Marcello,https://admin.shopify.com/store/d8cgqq-8s/products/10649949077771
https://www.alessandrodesign.ro/products/priza-dubla-cu-rama-din-sticla-securizata-auriu,"Priza Dubla cu Rama din Sticla Securizata, AURIU",Alessandro Design,Prize,https://admin.shopify.com/store/d8cgqq-8s/products/9758355423499
https://www.alessandrodesign.ro/products/conector-liniar-sina-magnetica-10-cm-negru,"Conector Liniar Sina Magnetica, 10 cm, Negru",Alessandro Design,Produse LED,https://admin.shopify.com/store/d8cgqq-8s/products/9759477989643
https://www.alessandrodesign.ro/products/driver-24v-5a-400w-ip20,Driver 24V 5A 400W IP20,Alessandro Design,Produse LED,https://admin.shopify.com/store/d8cgqq-8s/products/9760402931979
https://www.alessandrodesign.ro/products/lampadar-in-forma-de-urs-cu-tava-decor-elegant-pentru-vaza-de-flori-1,"Lampadar în Formă de Urs cu Tavă, Decor Elegant pentru Vaza de Flori",Alessandro Design,Veioze & Lampadare,https://admin.shopify.com/store/d8cgqq-8s/products/9779339002123
https://www.alessandrodesign.ro/products/lampadar-led-astronaut-din-rasina-albastru,Lampadar LED Astronaut din Rasina Albastru,Alessandro Design,Veioze & Lampadare,https://admin.shopify.com/store/d8cgqq-8s/products/9760900940043
https://www.alessandrodesign.ro/products/lampadar-led-astronaut-din-rasina-argintiu,Lampadar LED Astronaut din Rasina Argintiu,Alessandro Design,Veioze & Lampadare,https://admin.shopify.com/store/d8cgqq-8s/products/9760900972811
https://www.alessandrodesign.ro/products/lampadar-led-luxurious-din-rasina-multicolor,Lampadar LED Luxurious din Rasina Multicolor,Alessandro Design,Veioze & Lampadare,https://admin.shopify.com/store/d8cgqq-8s/products/9760901005579
https://www.alessandrodesign.ro/products/lampadar-led-luxury-din-rasina-multicolor,Lampadar LED Luxury din Rasina Multicolor,Alessandro Design,Veioze & Lampadare,https://admin.shopify.com/store/d8cgqq-8s/products/9760901038347
https://www.alessandrodesign.ro/products/extinde-garantia,Extinde Garantia,Alessandro Design,mws_fee_generated,https://admin.shopify.com/store/d8cgqq-8s/products/10799154397451
https://www.alessandrodesign.ro/products/extinde-garantia-1,Extinde Garantia,Alessandro Design,mws_fee_generated,https://admin.shopify.com/store/d8cgqq-8s/products/10799163703563
https://www.alessandrodesign.ro/products/extinde-garantia-2,Extinde Garantia,Alessandro Design,mws_fee_generated,https://admin.shopify.com/store/d8cgqq-8s/products/10799163867403
https://www.alessandrodesign.ro/products/garantie-extinsa,Extinde Garantia,Alessandro Design,mws_fee_generated,https://admin.shopify.com/store/d8cgqq-8s/products/10799096267019
https://www.alessandrodesign.ro/products/lustra-led-126w-1-1-square-black-rgb-cristal,Lustra LED 126W 1+1 SQUARE Black RGB Cristal -09B,Alessandro Design,outlet,https://admin.shopify.com/store/d8cgqq-8s/products/10794299719947
https://www.alessandrodesign.ro/products/bec-decor-plastic-cu-stecher-albastru-multicolor-albastru,"Bec Decor, Plastic, cu Stecher Albastru/Multicolor - Albastru",Korman Technik,,https://admin.shopify.com/store/d8cgqq-8s/products/9757356327179
https://www.alessandrodesign.ro/products/pipa-baterie-inalta-inox-crom,"Pipa Baterie Inalta, Inox, Crom",Korman Technik,Accesorii Baie,https://admin.shopify.com/store/d8cgqq-8s/products/9758226415883
https://www.alessandrodesign.ro/products/pipa-pentru-baterie-inalta-argintiu,Pipa pentru Baterie Inalta Argintiu,Korman Technik,Accesorii Baie,https://admin.shopify.com/store/d8cgqq-8s/products/9758224482571
https://www.alessandrodesign.ro/products/suport-telescopic-pentru-chiuveta-50-cm-alb,"Suport Telescopic pentru Chiuveta, 50 cm, Alb",Korman Technik,Accesorii Baie,https://admin.shopify.com/store/d8cgqq-8s/products/9757318512907
https://www.alessandrodesign.ro/products/suport-telescopic-pentru-chiuveta-50-cm-roz-macaron,"Suport Telescopic pentru Chiuveta, 50 cm Roz Macaron",Korman Technik,Accesorii Baie,https://admin.shopify.com/store/d8cgqq-8s/products/9757311140107
https://www.alessandrodesign.ro/products/suport-telescopic-pentru-chiuveta-50-cm-verde,"Suport Telescopic pentru Chiuveta, 50 cm Verde",Korman Technik,Accesorii Baie,https://admin.shopify.com/store/d8cgqq-8s/products/9757317005579
https://www.alessandrodesign.ro/products/robinet-coltar-inox-cartus-ceramic-3-8-x-1-2-rc200,Robinet Coltar Inox Cartus Ceramic 3/8 X 1/2 RC200,Korman Technik,Accesorii Baterii,https://admin.shopify.com/store/d8cgqq-8s/products/10732817907979
https://www.alessandrodesign.ro/products/robinet-coltar-rc200,Robinet Coltar Inox Cartus Ceramic 1/2 X 1/2 RC200,Korman Technik,Accesorii Baterii,https://admin.shopify.com/store/d8cgqq-8s/products/9760685031691
https://www.alessandrodesign.ro/products/sita-cu-maner-crom-inox,"Sita cu Maner, Crom, Inox",Korman Technik,Accesorii Bucătărie,https://admin.shopify.com/store/d8cgqq-8s/products/9758163927307
https://www.alessandrodesign.ro/products/baterie-lavoar-aliaj-crom-lv001s,"Baterie Lavoar, Aliaj, Crom, LV001S",Korman Technik,Baterii de Baie,https://admin.shopify.com/store/d8cgqq-8s/products/9760668549387
https://www.alessandrodesign.ro/products/baterie-bucatarie-inox-crom-pipa-rotativa-inalta-wh207,"Baterie Bucatarie Inox, Crom, Pipa Rotativa, Inalta WH207",Korman Technik,Baterii de Bucatarie,https://admin.shopify.com/store/d8cgqq-8s/products/9760667992331
https://www.alessandrodesign.ro/products/baterie-lavoar-cartus-ceramic-pipa-rotativa-negru-racorduri-incluse-ec01,Baterie Lavoar Cartus Ceramic Pipa Rotativa Negru Racorduri Incluse EC01,Korman Technik,Baterii de Bucatarie,https://admin.shopify.com/store/d8cgqq-8s/products/9760821543179
https://www.alessandrodesign.ro/products/mobilier-baie-dulap-cu-oglinda-led-t1160-80-gri,"Mobilier Baie, Dulap Cu Oglinda LED T1160/80 Gri",Korman Technik,Oglinzi Dulap,https://admin.shopify.com/store/d8cgqq-8s/products/10797250478347
https://www.alessandrodesign.ro/products/mobilier-baie-dulap-cu-oglinda-led-t1319g-80-gri,"Mobilier Baie, Dulap Cu Oglinda LED T1319G/80 Gri",Korman Technik,Oglinzi Dulap,https://admin.shopify.com/store/d8cgqq-8s/products/10797303202059
https://www.alessandrodesign.ro/products/oglinda-led-dreptunghiulara-60x80cm-e69s-60x80-touch-sistem-dezaburire,"Oglinda LED CLARIVO Dreptunghiulara,  14W, 60X80cm, Touch, Sistem Dezaburire",Korman Technik,Oglinzi Korman E,https://admin.shopify.com/store/d8cgqq-8s/products/10725894914315
https://www.alessandrodesign.ro/products/oglinda-led-rotunda-70cm-isolda-touch,"Oglinda LED Rotunda, 70cm, Isolda, Touch, Sistem Dezaburire",Korman Technik,Oglinzi Korman E,https://admin.shopify.com/store/d8cgqq-8s/products/9760297189643
https://www.alessandrodesign.ro/products/oglinda-led-rotunda-70cm-lira-touch-sistem-dezaburire-dimabila,Oglinda LED Rotunda 70cm Lira Verità Touch Sistem Dezaburire Dimabila,Korman Technik,Oglinzi Korman E,https://admin.shopify.com/store/d8cgqq-8s/products/10135082565899
https://www.alessandrodesign.ro/products/oglinda-led-touch-cu-functie-dezaburire-smack-80x50cm,"Oglinda LED Touch cu Functie Dezaburire, 80x50cm",Korman Technik,Oglinzi Korman E,https://admin.shopify.com/store/d8cgqq-8s/products/9758206525707
https://www.alessandrodesign.ro/products/intrerupator-touch-wireless-dublu-alb-sticla-securizata-livolo,"Intrerupator Touch Wireless, Dublu, Alb, Sticla Securizata",Livolo,,https://admin.shopify.com/store/d8cgqq-8s/products/9757937238283
https://www.alessandrodesign.ro/products/intrerupator-touch-wireless-dublu-negru-sticla-securizata-livolo,"Intrerupator Touch Wireless, Dublu, Negru, Sticla Securizata",Livolo,,https://admin.shopify.com/store/d8cgqq-8s/products/9757937434891
https://www.alessandrodesign.ro/products/priza-schuko-simpla-borne-fara-surub-cu-rama-sticla-auriu-livolo,"Priza simpla, borne fara surub, cu rama sticla, Auriu",Livolo,,https://admin.shopify.com/store/d8cgqq-8s/products/9757939564811
https://www.alessandrodesign.ro/products/intrerupator-touch-dublu-alb-sticla-securizata-livolo,"Intrerupator Touch, Dublu, Alb, Sticla Securizata",Livolo,Întrerupătoare,https://admin.shopify.com/store/d8cgqq-8s/products/9757937533195
https://www.alessandrodesign.ro/products/oglinda-led-rectangulara-50x160cm-dimabila-lumina-rece-calda-neutra-dressing-couture,"Oglinda LED Rectangulara, Rama Aurie, 50x160cm, Dimabila, Lumina Rece/Calda/Neutra, Dressing Couture",Marcello Funghi,Oglinzi Dressing,https://admin.shopify.com/store/d8cgqq-8s/products/10853381570827
https://www.alessandrodesign.ro/products/oglinda-led-rectangulara-rama-neagra-50x160cm-dimabila-lumina-rece-calda-neutra-dressing-couture,"Oglinda LED Rectangulara, Rama Neagra, 50x160cm, Dimabila, Lumina Rece/Calda/Neutra, Dressing Couture",Marcello Funghi,Oglinzi Dressing,https://admin.shopify.com/store/d8cgqq-8s/products/10853383340299
https://www.alessandrodesign.ro/products/oglinda-led-rectangulara-110x65cm-eclat-motionglow-marcello-sistem-dezaburire-ceas-termometru-lupa-cosmetica-dimabila-rama-auriu-brushed,"Oglinda LED Rectangulara, 110x65cm, Eclat MotionGlow Marcello, Sistem Dezaburire, Ceas & Termometru, Lupa Cosmetica, Dimabila, Rama Auriu Brushed",Marcello Funghi,Oglinzi Marcello,https://admin.shopify.com/store/d8cgqq-8s/products/10661651546379
https://www.alessandrodesign.ro/products/oglinda-led-rectangulara-120x80-velour-motionglow-marcello-sistem-dezaburire-termometru-si-ceas-dimabila,"Oglinda LED Rectangulara 120x80 Aura Riflesso Puro MotionGlow Marcello, Sistem Dezaburire, Termometru si Ceas, Dimabila",Marcello Funghi,Oglinzi Marcello,https://admin.shopify.com/store/d8cgqq-8s/products/10120708948235
https://www.alessandrodesign.ro/products/oglinda-led-rectangulara-120x80cm-eclat-motionglow-marcello-sistem-dezaburire-ceas-termometru-lupa-cosmetica-dimabila-rama-auriu-brushed,"Oglinda LED Rectangulara, 120x80cm, Eclat MotionGlow Marcello, Sistem Dezaburire, Ceas & Termometru, Lupa Cosmetica, Dimabila, Rama Auriu Brushed",Marcello Funghi,Oglinzi Marcello,https://admin.shopify.com/store/d8cgqq-8s/products/10646920724747
https://www.alessandrodesign.ro/products/oglinda-led-rectangulara-55x70cm-senzor-motionglow-marcello-sistem-dezaburire-ceas-termometru-dimabila,"Oglinda LED Rectangulara, 55x70cm, Senzor MotionGlow Marcello, Sistem Dezaburire, Ceas & Termometru, Dimabila",Marcello Funghi,Oglinzi Marcello,https://admin.shopify.com/store/d8cgqq-8s/products/10727039861003
https://www.alessandrodesign.ro/products/oglinda-led-rectangulara-60x80cm-eclat-motionglow-marcello-sistem-dezaburire-ceas-termometru-lupa-cosmetica-dimabila-rama-auriu-brushed,"Oglinda LED Rectangulara, 60x80cm, Eclat MotionGlow Marcello, Sistem Dezaburire, Ceas & Termometru, Lupa Cosmetica, Dimabila, Rama Auriu Brushed",Marcello Funghi,Oglinzi Marcello,https://admin.shopify.com/store/d8cgqq-8s/products/10646768845067
https://www.alessandrodesign.ro/products/oglinda-led-rectangulara-80x60cm-eclat-motionglow-marcello-sistem-dezaburire-ceas-si-termometru-lupa-cosmetica-dimabila-rama-auriu-brushed,"Oglinda LED Rectangulara, 80x60cm, Eclat MotionGlow Marcello, Sistem Dezaburire, Ceas & Termometru, Lupa Cosmetica, Dimabila, Rama Auriu Brushed",Marcello Funghi,Oglinzi Marcello,https://admin.shopify.com/store/d8cgqq-8s/products/10646778511627
