/pages/showroom	Showroom || Showroomul din Voluntari va fi inchis pentru renovari.
/collections/oglinzi-led	Oglinzi LED || Oglinzi LED Lumină perfectă. Design impecabil. Descoperă colecția → || Vezi ofertele || Vezi toata categoria
/collections/oglinzi-baie-cu-led-si-dezaburire	Oglinzi LED Multifunctionale
/collections/oglinzi-led-simple	Oglinzi LED Standard
/collections/oglinzi-led-dressing	Oglinzi LED Dressing
/collections/oglinzi-led-cu-dulap	Oglinzi LED cu Dulap
/collections/oglinzi-led-machiaj	Afișați tot || Oglinzi LED Machiaj
/collections/oglinzi-rotunde-baie	Oglinzi Rotunde Baie
/collections/oglinzi-led-by-marcello-funghi	Oglinzi LED - by Marcello Funghi
/collections/corpuri-de-iluminat	Corpuri de Iluminat || Corpuri de Iluminat Lumină care creează atmosferă. Descoperă colecția → || Vezi ofertele || Vezi toata categoria
/collections/lustre-cu-bec	Lustre || Vezi toata categoria
/collections/lustre-led	Afișați tot || Lustre LED
/collections/plafoniere-led-1	Plafoniere LED
/collections/lustre-moderne	Lustre Moderne
/collections/lustre-vintage	Lustre Vintage
/collections/lustre-metalice	Lustre Industrial
/collections/candelabre	Candelabre || Vezi toata categoria
/collections/candelabre-cristal	Candelabre Cristal
/collections/candelabre-moderne	Afișați tot || Candelabre Moderne
/collections/candelabre-clasice	Candelabre Clasice
/collections/aplice	Aplice || Vezi toata categoria
/collections/aplice-de-interior	Aplice de Interior
/collections/aplice-de-baie	Aplice de Baie
/collections/veioze-lampadare	Veioze & Lampadare || Vezi toata categoria
/collections/veioze-dormitor	Veioze Dormitor
/collections/lampadare-living	Lampadare Living
/collections/spoturi	Spoturi
/collections/lustre-camera-copiilor	Lustre Camera Copiilor
/collections/produse-led	Produse LED || Vezi toata categoria
/collections/becuri	Becuri
/collections/benzi-led	Benzi LED
/collections/proiectoare-sina-magnetica	Proiectoare sina magnetica
/collections/iluminat-de-exterior	Iluminat Exterior || Iluminat exterior Accente care completează. Descoperă colecția → || Vezi toata categoria
/collections/proiectoare-de-exterior	Proiectoare Exterior
/collections/instalatii	Instalatii Exterior
/collections/aplice-de-exterior	Aplice de Exterior
/collections/baie	Afișați tot || Baie || Baie Detalii care fac diferența. Descoperă colecția → || Vezi ofertele || Vezi toata categoria
/collections/mobilier-baie	Mobilier Baie || Mobilier Baie Funcționalitate și eleganță. Descoperă colecția →
/collections/baterii-baie-bucatarie	Baterii baie & bucatarie || Vezi toata categoria
/collections/baterii-coloane-de-dus	Coloane & Baterii de Dus
/collections/baterii-de-bucatarie	Baterii bucatarie
/collections/baterii-de-baie	Baterii baie
/collections/uscatoare-de-maini	Uscatoare de Maini
/collections/cazi-de-baie-freestanding	Cazi de Baie Freestanding
/collections/chiuvete-lavoare	Chiuvete
/collections/cadite-de-dus	Cadite de dus
/collections/accesorii-baie	Accesorii Baie || Vezi toata categoria
/collections/para-de-dus	Para de dus
/collections/covoare-baie	Covoare Baie
/collections/dus-walk-in	Paravan de Dus Walk-in
/collections/calorifel-electric	Calorifer Electric
/collections/sifon-pardoseala	Sifon Pardoseala
/collections/plante-artificiale	Afișați tot || Plante Artificiale || Vezi ofertele || Vezi toata categoria
/collections/copac-artificial	Copac artificial
/collections/panou-artificial	Panou artificial
/collections/tufa-artificiala	Tufa Artificiala
/collections/ghirlande-artificiale	Ghirlande Artificiale
/collections/brad-de-craciun	Brad de craciun
/collections/gazon-artificial	Gazon Artificial
/collections/ierburi-ornamentale-artificiale	Ierburi Ornamentale Artificiale
/collections/flori-decorative	Flori Decorative
/collections/decoratiuni-perete	Decoratiuni Perete || Vezi toata categoria
/collections/tablou-sticla	Tablou sticla
/collections/tablou-led	Tablou LED
/collections/outlet	
/collections/ingrijire-dentara	Ingrijire Dentara
/collections/gen%C8%9Bi-%C8%99i-rucsacuri	Genti si rucsacuri
/pages/idei-de-amenajare	Idei de amenajare
/pages/pozele-clientilor	Pozele clientilor
/pages/companie	Companie || Despre noi
/pages/colaborari-marketing	Colaborari || Colaborari de marketing
/pages/contact	Contact
/collections/back2school	Afișați tot
/blogs/news	Afișați tot || Blog
/blogs/news/cum-alegi-dimensiunea-unei-lustre-in-func%C8%9Bie-de-camera-in-care-o-montezi	 || Cum alegi dimensiunea unei lustre în funcție de camera în care o montezi?
/blogs/news/tagged/autor-irina-ciobotaru	Irina Ciobotaru
/blogs/news/cum-i%C8%9Bi-pregate%C8%99ti-locuin%C8%9Ba-pentru-sezonul-rece-prin-cateva-schimbari-simple-de-amenajare	 || Cum îți pregătești locuința pentru sezonul rece prin câteva schimbări simple de amenajare
/blogs/news/tagged/autor-daniel-mogos	Daniel Mogos
/blogs/news/unde-se-monteaza-spoturile-in-bucatarie-pentru-a-evita-umbrele	 || Unde se montează spoturile în bucătărie pentru a evita umbrele?
/blogs/news/tagged/autor-bogdan-b	Bogdan B
/blogs/news/cate-lustre-sunt-necesare-intr-un-living-open-space	 || Câte lustre sunt necesare într-un living open-space?
/blogs/news/tagged/autor-cosmin-corbu	Cosmin Corbu
/blogs/news/cum-alegi-iluminatul-intr-o-camera-care-are-tavanul-jos	 || Cum alegi iluminatul într-o cameră care are tavanul jos?
/pages/testimoniale	Testimoniale
/pages/formular-retur	Formular Retur & Garantie
/pages/dropshipment	Dropshipment
/pages/comenzi-engross	Program comenzi en-gross
/policies/privacy-policy	Politica de confidentialitate || Politica de utilizare cookie-uri
/policies/terms-of-service	Termeni si Conditii
/policies/shipping-policy	Shipping Policy
/policies/contact-information	Contact Information