url,format_audit,kb_audit
https://www.alessandrodesign.ro/cdn/shop/files/a3_530e7444-c06e-4d09-b3a9-65b2c76affb1.png?v=1743092200,image/png,6410
https://www.alessandrodesign.ro/cdn/shop/files/a2_c3acf9d3-fa92-4ed8-83c4-e7e1df6080e6.png?v=1743092200,image/png,5765
https://www.alessandrodesign.ro/cdn/shop/files/8d1ac828-e333-4261-8ba1-d01451ff399f.png?v=1742372166&width=1946,image/png,4339
https://www.alessandrodesign.ro/cdn/shop/files/a1_ebdec3e8-ccf0-43f6-9c6c-b5828fcb7ff5.png?v=1743073083,image/png,4286
https://www.alessandrodesign.ro/cdn/shop/files/a4_1fd7180d-5771-4ce4-ba40-efe4b09752ec.png?v=1743073083&width=3840,image/png,4276
https://www.alessandrodesign.ro/cdn/shop/files/a4_1fd7180d-5771-4ce4-ba40-efe4b09752ec.png?v=1743073083,image/png,4276
https://www.alessandrodesign.ro/cdn/shop/files/a2_508a9c70-cbeb-43ed-913c-c0331e0e1c4a.png?v=1743073083,image/png,4268
https://www.alessandrodesign.ro/cdn/shop/files/a3_62ba8e51-a532-4e54-89f4-270eb25a3f93.png?v=1743073083,image/png,4267
https://www.alessandrodesign.ro/cdn/shop/files/ff7a3ab3-5d10-4c78-80ad-47e3ce50828c.png?v=1742916003&width=1946,image/png,3586
https://www.alessandrodesign.ro/cdn/shop/files/a1_27e5dca8-2bea-41a0-9c0b-50dd79cf150f.png?v=1743092200,image/png,3496
https://www.alessandrodesign.ro/cdn/shop/files/a1_27e5dca8-2bea-41a0-9c0b-50dd79cf150f.png?v=1743092200&width=3840,image/png,3496
https://www.alessandrodesign.ro/cdn/shop/files/a1_18485c35-ce77-4ebc-9361-0235266f6011.png?v=1743078773,image/png,3143
https://www.alessandrodesign.ro/cdn/shop/files/a1_18485c35-ce77-4ebc-9361-0235266f6011.png?v=1743078773&width=3840,image/png,3143
https://www.alessandrodesign.ro/cdn/shop/files/f834bb76-81d9-4e44-a7e7-8d7201ba7259.png?v=1741609718&width=1946,image/png,3079
https://www.alessandrodesign.ro/cdn/shop/files/f834bb76-81d9-4e44-a7e7-8d7201ba7259.png?v=1741609718&width=1445,image/png,3079
https://www.alessandrodesign.ro/cdn/shop/files/a2_3af6f4f4-efae-41b4-af8d-a850434036b6.png?v=1743078773,image/png,2932
https://www.alessandrodesign.ro/cdn/shop/files/a4_7ec13088-6dc6-449f-938a-edc4867bae25.png?v=1743078773,image/png,2870
https://www.alessandrodesign.ro/cdn/shop/files/a1_517b0e5f-5d13-4631-9fd9-bbd37021f681.png?v=1742393065&width=1946,image/png,2860
https://www.alessandrodesign.ro/cdn/shop/files/8d1ac828-e333-4261-8ba1-d01451ff399f.png?v=1742372166&width=1445,image/png,2859
https://www.alessandrodesign.ro/cdn/shop/files/a3_4fbd039c-5df7-4eb1-988f-739b1eb60617.png?v=1743078773,image/png,2729
https://www.alessandrodesign.ro/cdn/shop/files/a4_c2fc91e6-cb6c-441f-97b7-59351f07bf86.png?v=1742218686&width=1946,image/png,2626
https://www.alessandrodesign.ro/cdn/shop/files/a5.png?v=1742218687&width=1946,image/png,2578
https://www.alessandrodesign.ro/cdn/shop/files/a1_1305d349-1eff-458f-a695-d7702d5cce1d.png?v=1741861265&width=1946,image/png,2511
https://www.alessandrodesign.ro/cdn/shop/files/3_4c5b5c46-d2f0-4998-a296-6903fd6c11ce.png?v=1741678999&width=1946,image/png,2497
https://www.alessandrodesign.ro/cdn/shop/files/3_4c5b5c46-d2f0-4998-a296-6903fd6c11ce.png?v=1741678999,image/png,2497
https://www.alessandrodesign.ro/cdn/shop/files/a2_2aa082f0-c6a7-4422-9b82-ebb69a7d9450.png?v=1742218687&width=1946,image/png,2454
https://www.alessandrodesign.ro/cdn/shop/files/WPSPhotos_1_30b3cd22-8a50-4970-95f0-51e368d8896d.png?v=1742223344&width=1946,image/png,2444
https://www.alessandrodesign.ro/cdn/shop/files/a1_e693b744-4b4c-4013-b938-0fcad639c9bb.png?v=1742218687&width=1946,image/png,2442
https://www.alessandrodesign.ro/cdn/shop/files/a4_c2fc91e6-cb6c-441f-97b7-59351f07bf86.png?v=1742218686&width=1445,image/png,2439
https://www.alessandrodesign.ro/cdn/shop/files/a5.png?v=1742218687&width=1445,image/png,2392
https://www.alessandrodesign.ro/cdn/shop/files/WPSPhotos_1_30b3cd22-8a50-4970-95f0-51e368d8896d.png?v=1742223344&width=1445,image/png,2378
https://www.alessandrodesign.ro/cdn/shop/files/af357c6d-beba-4e59-8bd2-b0bc378e4779.png?v=1742308685&width=1946,image/png,2376
https://www.alessandrodesign.ro/cdn/shop/files/a2_2aa082f0-c6a7-4422-9b82-ebb69a7d9450.png?v=1742218687&width=1445,image/png,2307
https://www.alessandrodesign.ro/cdn/shop/files/3_4c5b5c46-d2f0-4998-a296-6903fd6c11ce.png?v=1741678999&width=1445,image/png,2306
https://www.alessandrodesign.ro/cdn/shop/files/a1_e693b744-4b4c-4013-b938-0fcad639c9bb.png?v=1742218687&width=1445,image/png,2301
https://www.alessandrodesign.ro/cdn/shop/files/0aa50e61-324e-4599-8453-092f29795614.png?v=1742298761&width=1946,image/png,2288
https://www.alessandrodesign.ro/cdn/shop/files/0aa50e61-324e-4599-8453-092f29795614.png?v=1742298761&width=1445,image/png,2288
https://www.alessandrodesign.ro/cdn/shop/files/a3_661b4482-991b-4e73-8d56-bd8f226a5103.png?v=1742218686&width=1946,image/png,2234
https://www.alessandrodesign.ro/cdn/shop/files/a2_5f5fe145-9068-4f4d-adb6-4f07f57c3879.png?v=1741678764,image/png,2226
https://www.alessandrodesign.ro/cdn/shop/files/a2_5f5fe145-9068-4f4d-adb6-4f07f57c3879.png?v=1741678764&width=1946,image/png,2226
https://www.alessandrodesign.ro/cdn/shop/files/a1_0ec8585a-cb57-42e7-b11d-c7c7dd96d3f0.png?v=1741678757,image/png,2224
https://www.alessandrodesign.ro/cdn/shop/files/a1_0ec8585a-cb57-42e7-b11d-c7c7dd96d3f0.png?v=1741678757&width=3840,image/png,2224
https://www.alessandrodesign.ro/cdn/shop/files/a1_0ec8585a-cb57-42e7-b11d-c7c7dd96d3f0.png?v=1741678757&width=1946,image/png,2224
https://www.alessandrodesign.ro/cdn/shop/files/WPSPhotos_1.png?v=1741680023&width=1946,image/png,2127
https://www.alessandrodesign.ro/cdn/shop/files/a2_5f5fe145-9068-4f4d-adb6-4f07f57c3879.png?v=1741678764&width=1445,image/png,2112
https://www.alessandrodesign.ro/cdn/shop/files/2f87295b-4943-4d2c-89da-42d91a97096f.png?v=1742220371&width=1445,image/png,2105
https://www.alessandrodesign.ro/cdn/shop/files/2f87295b-4943-4d2c-89da-42d91a97096f.png?v=1742220371&width=1946,image/png,2105
https://www.alessandrodesign.ro/cdn/shop/files/a1_0ec8585a-cb57-42e7-b11d-c7c7dd96d3f0.png?v=1741678757&width=1445,image/png,2100
https://www.alessandrodesign.ro/cdn/shop/files/a3_661b4482-991b-4e73-8d56-bd8f226a5103.png?v=1742218686&width=1445,image/png,2093
https://www.alessandrodesign.ro/cdn/shop/files/a2_4cf3faf1-b3e5-4688-8135-d5aecc4b8a83.png?v=1741868410&width=1946,image/png,2068
https://www.alessandrodesign.ro/cdn/shop/files/f1ffa963-61d0-4ae8-9732-43907fc0db3c.png?v=1741681420&width=1445,image/png,2039
https://www.alessandrodesign.ro/cdn/shop/files/WPSPhotos_1_3be71866-3b80-45cb-905f-6f3cb2dffd5e.png?v=1741680722&width=1445,image/png,2007
https://www.alessandrodesign.ro/cdn/shop/files/WPSPhotos_1_223d43f7-6d63-4577-afff-f1a157e548d1.png?v=1741680681&width=1445,image/png,2007
https://www.alessandrodesign.ro/cdn/shop/files/WPSPhotos_1_90579005-d223-41b9-ba05-ccfd54e02ad0.png?v=1741680746&width=1445,image/png,2007
https://www.alessandrodesign.ro/cdn/shop/files/ff7a3ab3-5d10-4c78-80ad-47e3ce50828c.png?v=1742916003&width=1445,image/png,1908
https://www.alessandrodesign.ro/cdn/shop/files/a1_517b0e5f-5d13-4631-9fd9-bbd37021f681.png?v=1742393065&width=1500,image/png,1804
https://www.alessandrodesign.ro/cdn/shop/files/f1ffa963-61d0-4ae8-9732-43907fc0db3c.png?v=1741681420&width=1946,image/png,1751
https://www.alessandrodesign.ro/cdn/shop/files/a3_8a38064d-b619-43fd-8680-0d0bfd72bab3.png?v=1741868410&width=1946,image/png,1717
https://www.alessandrodesign.ro/cdn/shop/files/WPS_Photos_1_575d305c-8086-417b-b848-0c54f7743b5f.png?v=1741679772&width=1445,image/png,1697
https://www.alessandrodesign.ro/cdn/shop/files/a1_517b0e5f-5d13-4631-9fd9-bbd37021f681.png?v=1742393065&width=1445,image/png,1690
https://www.alessandrodesign.ro/cdn/shop/files/WPSPhotos_1_3be71866-3b80-45cb-905f-6f3cb2dffd5e.png?v=1741680722&width=1946,image/png,1690
https://www.alessandrodesign.ro/cdn/shop/files/WPSPhotos_1_223d43f7-6d63-4577-afff-f1a157e548d1.png?v=1741680681&width=1946,image/png,1690
https://www.alessandrodesign.ro/cdn/shop/files/WPSPhotos_1_90579005-d223-41b9-ba05-ccfd54e02ad0.png?v=1741680746&width=1946,image/png,1690
https://www.alessandrodesign.ro/cdn/shop/files/a2_b27f1dde-e33d-494b-939c-bf3a145d8ac5.png?v=1742198858&width=1445,image/png,1662
https://www.alessandrodesign.ro/cdn/shop/files/WPS_Photos_1_575d305c-8086-417b-b848-0c54f7743b5f.png?v=1741679772&width=1946,image/png,1646
https://www.alessandrodesign.ro/cdn/shop/files/d48677f1-f5a0-4f95-b9ca-7f6c6359aadc.png?v=1742392073&width=1445,image/png,1624
https://www.alessandrodesign.ro/cdn/shop/files/a2_b27f1dde-e33d-494b-939c-bf3a145d8ac5.png?v=1742198858&width=1946,image/png,1623
https://i.ibb.co/GFTQMdN/Mod-de-noapte-pentru-un-somn-lini-tit.png,image/png,1588
https://www.alessandrodesign.ro/cdn/shop/files/a1_1305d349-1eff-458f-a695-d7702d5cce1d.png?v=1741861265&width=1445,image/png,1570
https://www.alessandrodesign.ro/cdn/shop/files/WPSPhotos_1_e698b608-3b17-4880-88ab-26c80016dfad.png?v=1741680979&width=1946,image/png,1551
https://www.alessandrodesign.ro/cdn/shop/files/WPSPhotos_1_e698b608-3b17-4880-88ab-26c80016dfad.png?v=1741680979&width=1445,image/png,1539
https://www.alessandrodesign.ro/cdn/shop/files/72d90f51-7cc7-41ca-920e-3f1d9e7c9d50.png?v=1742897572&width=1445,image/png,1527
https://www.alessandrodesign.ro/cdn/shop/files/a1_7a08aeaa-b81b-4972-a007-fc14b5e8ad34.png?v=1742311691&width=1445,image/png,1506
https://www.alessandrodesign.ro/cdn/shop/files/a1_685d9d35-2a30-4119-a2d2-fe44bac41ec1.png?v=1741888488&width=1445,image/png,1474
https://www.alessandrodesign.ro/cdn/shop/files/a1_1af28574-7104-4fc0-85e3-bfcef7e9b67a.png?v=1742300304&width=1445,image/png,1462
https://www.alessandrodesign.ro/cdn/shop/files/d48677f1-f5a0-4f95-b9ca-7f6c6359aadc.png?v=1742392073&width=1946,image/png,1449
https://www.alessandrodesign.ro/cdn/shop/files/a67f2fa1-293a-4a9f-99b9-bc541e6dd032_d5773012-423b-4854-867a-b523e8786db4.png?v=1742809891&width=1946,image/png,1446
https://www.alessandrodesign.ro/cdn/shop/files/a67f2fa1-293a-4a9f-99b9-bc541e6dd032.png?v=1742805364&width=1946,image/png,1446
https://www.alessandrodesign.ro/cdn/shop/files/af357c6d-beba-4e59-8bd2-b0bc378e4779.png?v=1742308685&width=1445,image/png,1439
https://www.alessandrodesign.ro/cdn/shop/files/6e6946e3-66b4-47dc-a5f9-e061d2279500.png?v=1742903458&width=1500,image/png,1426
https://www.alessandrodesign.ro/cdn/shop/files/72d90f51-7cc7-41ca-920e-3f1d9e7c9d50.png?v=1742897572&width=2048,image/png,1425
https://www.alessandrodesign.ro/cdn/shop/files/72d90f51-7cc7-41ca-920e-3f1d9e7c9d50.png?v=1742897572,image/png,1425
https://www.alessandrodesign.ro/cdn/shop/files/72d90f51-7cc7-41ca-920e-3f1d9e7c9d50.png?v=1742897572&width=1946,image/png,1425
https://i.ibb.co/R34jL8P/Iluminat-perfect-pentru-orice-activitate.png,image/png,1388
https://www.alessandrodesign.ro/cdn/shop/files/6e6946e3-66b4-47dc-a5f9-e061d2279500.png?v=1742903458&width=1445,image/png,1347
https://www.alessandrodesign.ro/cdn/shop/files/a1_1af28574-7104-4fc0-85e3-bfcef7e9b67a.png?v=1742300304&width=1946,image/png,1322
https://www.alessandrodesign.ro/cdn/shop/files/a67f2fa1-293a-4a9f-99b9-bc541e6dd032.png?v=1742805364&width=1445,image/png,1313
https://www.alessandrodesign.ro/cdn/shop/files/a67f2fa1-293a-4a9f-99b9-bc541e6dd032_d5773012-423b-4854-867a-b523e8786db4.png?v=1742809891&width=1445,image/png,1313
https://www.alessandrodesign.ro/cdn/shop/files/6e6946e3-66b4-47dc-a5f9-e061d2279500.png?v=1742903458&width=1946,image/png,1269
https://www.alessandrodesign.ro/cdn/shop/files/6e6946e3-66b4-47dc-a5f9-e061d2279500.png?v=1742903458&width=3840,image/png,1269
https://www.alessandrodesign.ro/cdn/shop/files/6e6946e3-66b4-47dc-a5f9-e061d2279500.png?v=1742903458&width=2048,image/png,1269
https://www.alessandrodesign.ro/cdn/shop/files/6e6946e3-66b4-47dc-a5f9-e061d2279500.png?v=1742903458,image/png,1269
https://www.alessandrodesign.ro/cdn/shop/files/1cf474e9-8688-4aaf-9b27-ac56a04079fe_c21d9b06-0d6d-4376-80c8-6a8db77b5d33.png?v=1742221910&width=1946,image/png,1258
https://www.alessandrodesign.ro/cdn/shop/files/1cf474e9-8688-4aaf-9b27-ac56a04079fe_c21d9b06-0d6d-4376-80c8-6a8db77b5d33.png?v=1742221910&width=1445,image/png,1258
https://www.alessandrodesign.ro/cdn/shop/files/c2fa58d9-b53f-4e16-99d1-c0ecd42ee024.png?v=1741612200&width=1946,image/png,1249
https://www.alessandrodesign.ro/cdn/shop/files/c2fa58d9-b53f-4e16-99d1-c0ecd42ee024.png?v=1741612200&width=1445,image/png,1249
https://www.alessandrodesign.ro/cdn/shop/files/a1_7a08aeaa-b81b-4972-a007-fc14b5e8ad34.png?v=1742311691&width=1946,image/png,1241
https://www.alessandrodesign.ro/cdn/shop/files/WPSPhotos_1.png?v=1741680023&width=1445,image/png,1231
https://www.alessandrodesign.ro/cdn/shop/files/a1_685d9d35-2a30-4119-a2d2-fe44bac41ec1.png?v=1741888488&width=1946,image/png,1198
https://www.alessandrodesign.ro/cdn/shop/files/a2_4cf3faf1-b3e5-4688-8135-d5aecc4b8a83.png?v=1741868410&width=1445,image/png,1187
https://www.alessandrodesign.ro/cdn/shop/files/Lustra_LED_MORNIKA_12W_lumina_Rece_Calda_Neutra_Alb-mockup2_1.png?v=1742225839&width=1946,image/png,1165
https://www.alessandrodesign.ro/cdn/shop/files/Lustra_LED_MORNIKA_12W_lumina_Rece_Calda_Neutra_Alb-mockup2_1.png?v=1742225839&width=1445,image/png,1165
https://www.alessandrodesign.ro/cdn/shop/files/4dc41980-618f-443a-8f26-71d3e51073a8.png?v=1742395451&width=1445,image/png,1148
https://www.alessandrodesign.ro/cdn/shop/files/b4b25579-5505-4463-bc97-eebf7a06fe66.png?v=1741771569&width=1946,image/png,1104
https://www.alessandrodesign.ro/cdn/shop/files/b4b25579-5505-4463-bc97-eebf7a06fe66.png?v=1741771569&width=2048,image/png,1104
https://www.alessandrodesign.ro/cdn/shop/files/b4b25579-5505-4463-bc97-eebf7a06fe66.png?v=1741771569,image/png,1104
https://www.alessandrodesign.ro/cdn/shop/files/b4b25579-5505-4463-bc97-eebf7a06fe66.png?v=1741771569&width=1445,image/png,1104
https://www.alessandrodesign.ro/cdn/shop/files/1cf474e9-8688-4aaf-9b27-ac56a04079fe.png?v=1742221682&width=1445,image/png,1087
https://www.alessandrodesign.ro/cdn/shop/files/1cf474e9-8688-4aaf-9b27-ac56a04079fe.png?v=1742221682&width=1946,image/png,1087
https://www.alessandrodesign.ro/cdn/shop/files/4dc41980-618f-443a-8f26-71d3e51073a8.png?v=1742395451&width=1946,image/png,1065
https://www.alessandrodesign.ro/cdn/shop/files/fb8a0054-3f48-4591-ad32-c80a25d66ef8.png?v=1741855453&width=1445,image/png,1038
https://www.alessandrodesign.ro/cdn/shop/files/270532f8-7e77-40ab-8512-26ab649851d2.png?v=1741611768&width=1445,image/png,1009
https://www.alessandrodesign.ro/cdn/shop/files/270532f8-7e77-40ab-8512-26ab649851d2.png?v=1741611768&width=1946,image/png,1009
https://www.alessandrodesign.ro/cdn/shop/files/a3_8a38064d-b619-43fd-8680-0d0bfd72bab3.png?v=1741868410&width=1445,image/png,997
https://www.alessandrodesign.ro/cdn/shop/files/dba0643e-8077-444d-bd39-838e573243cb.png?v=1742914830&width=1445,image/png,973
https://www.alessandrodesign.ro/cdn/shop/files/Lustra_LED_cu_Telecomanda_DAISY_5_Elemente_72W_Lumina_Rece_Calda_Neutra_Dimabila_Alb_cu_Cristal.png?v=1742213949,image/png,921
https://www.alessandrodesign.ro/cdn/shop/files/Lustra_LED_cu_Telecomanda_DAISY_5_Elemente_72W_Lumina_Rece_Calda_Neutra_Dimabila_Alb_cu_Cristal.png?v=1742213949&width=2048,image/png,921
https://www.alessandrodesign.ro/cdn/shop/files/Lustra_LED_cu_Telecomanda_DAISY_5_Elemente_72W_Lumina_Rece_Calda_Neutra_Dimabila_Alb_cu_Cristal.png?v=1742213949&width=1946,image/png,921
https://www.alessandrodesign.ro/cdn/shop/files/Camera.jpg?v=1741883759,image/jpeg,904
https://www.alessandrodesign.ro/cdn/shop/files/Lustra_LED_cu_Telecomanda_DAISY_5_Elemente_72W_Lumina_Rece_Calda_Neutra_Dimabila_Alb_cu_Cristal.png?v=1742213949&width=1445,image/png,900
https://www.alessandrodesign.ro/cdn/shop/files/LustraLEDcutelecomandaAMI_50W_3Inimi_luminaRece_Calda_Neutra_Dimabila_Alb.png?v=1742219589&width=1445,image/png,889
https://www.alessandrodesign.ro/cdn/shop/files/LustraLEDcutelecomandaAMI_50W_3Inimi_luminaRece_Calda_Neutra_Dimabila_Alb.png?v=1742219589&width=1946,image/png,889
https://www.alessandrodesign.ro/cdn/shop/files/LustraLEDcutelecomandaAMI_50W_3Inimi_luminaRece_Calda_Neutra_Dimabila_Alb_2.png?v=1742219588&width=1946,image/png,865
https://www.alessandrodesign.ro/cdn/shop/files/LustraLEDcutelecomandaAMI_50W_3Inimi_luminaRece_Calda_Neutra_Dimabila_Alb_2.png?v=1742219588&width=1445,image/png,865
https://www.alessandrodesign.ro/cdn/shop/files/WPS_Photos_1.png?v=1741679369&width=1946,image/png,832
https://www.alessandrodesign.ro/cdn/shop/files/WPS_Photos_1.png?v=1741679369&width=1445,image/png,832
https://www.alessandrodesign.ro/cdn/shop/files/WPSPhotos_1_f79149e7-2f99-4f87-905b-d9ce162248b9.png?v=1742219996&width=1445,image/png,831
https://www.alessandrodesign.ro/cdn/shop/files/WPSPhotos_1_f79149e7-2f99-4f87-905b-d9ce162248b9.png?v=1742219996&width=1946,image/png,831
https://www.alessandrodesign.ro/cdn/shop/files/dba0643e-8077-444d-bd39-838e573243cb.png?v=1742914830&width=1946,image/png,802
https://www.alessandrodesign.ro/cdn/shop/files/62a5589b-3195-4f8f-b265-58fdfdfbf4ee.png?v=1741785325&width=1946,image/png,801
https://www.alessandrodesign.ro/cdn/shop/files/62a5589b-3195-4f8f-b265-58fdfdfbf4ee.png?v=1741785325&width=1445,image/png,801
https://cdn.shopify.com/s/files/1/0782/5175/3739/files/Screenshot_2025-03-15_at_15.57.59.png?v=1742047101,image/png,769
https://www.alessandrodesign.ro/cdn/shop/files/Screenshot_2025-03-17_at_22.53.07.png?v=1742244813&width=1946,image/png,736
https://www.alessandrodesign.ro/cdn/shop/files/Screenshot_2025-03-17_at_22.53.07.png?v=1742244813&width=1445,image/png,736
https://www.alessandrodesign.ro/cdn/shop/files/a2_b302196a-83b0-40bd-bea1-13da4fd952c2.png?v=1742300304&width=1445,image/png,717
https://www.alessandrodesign.ro/cdn/shop/files/fb8a0054-3f48-4591-ad32-c80a25d66ef8.png?v=1741855453&width=1946,image/png,690
https://www.alessandrodesign.ro/cdn/shop/files/Camera.jpg?v=1741883759&width=2048,image/jpeg,643
https://www.alessandrodesign.ro/cdn/shop/files/Lustra_LED_MORNIKA_12W_lumina_Rece_Calda_Neutra_Alb-mockup3.png?v=1742225839&width=1445,image/png,602
https://www.alessandrodesign.ro/cdn/shop/files/Lustra_LED_MORNIKA_12W_lumina_Rece_Calda_Neutra_Alb-mockup3.png?v=1742225839&width=1946,image/png,602
https://i.ibb.co/gvbtDcy/3-imagini-maree.png,image/png,592
https://www.alessandrodesign.ro/cdn/shop/files/Camera.jpg?v=1741883759&width=1946,image/jpeg,591
https://www.alessandrodesign.ro/cdn/shop/files/c7cbbbb7-5194-49b9-ad27-9c9dccf48022.png?v=1741173297,image/png,586
https://www.alessandrodesign.ro/cdn/shop/files/c7cbbbb7-5194-49b9-ad27-9c9dccf48022.png?v=1741173297&width=2048,image/png,586
https://www.alessandrodesign.ro/cdn/shop/files/c7cbbbb7-5194-49b9-ad27-9c9dccf48022.png?v=1741173297&width=1946,image/png,586
https://www.alessandrodesign.ro/cdn/shop/files/c7cbbbb7-5194-49b9-ad27-9c9dccf48022.png?v=1741173297&width=1445,image/png,586
https://cdn.shopify.com/s/files/1/0782/5175/3739/files/Screenshot_2025-03-14_at_18.56.38.png?v=1741971429,image/png,570
https://cdn.shopify.com/s/files/1/0782/5175/3739/files/BANNER_LANDING_a61f486a-9ffa-42e5-8c02-53d09f4bd379.png?v=1740740700&width=2048,image/png,558
https://www.alessandrodesign.ro/cdn/shop/files/c7cbbbb7-5194-49b9-ad27-9c9dccf48022_78e46d19-2368-4be6-98bc-da285abf04cd.png?v=1741173492&width=1946,image/png,540
https://www.alessandrodesign.ro/cdn/shop/files/c7cbbbb7-5194-49b9-ad27-9c9dccf48022_78e46d19-2368-4be6-98bc-da285abf04cd.png?v=1741173492&width=2048,image/png,540
https://www.alessandrodesign.ro/cdn/shop/files/c7cbbbb7-5194-49b9-ad27-9c9dccf48022_78e46d19-2368-4be6-98bc-da285abf04cd.png?v=1741173492,image/png,540
https://www.alessandrodesign.ro/cdn/shop/files/c7cbbbb7-5194-49b9-ad27-9c9dccf48022_78e46d19-2368-4be6-98bc-da285abf04cd.png?v=1741173492&width=1445,image/png,540
https://www.alessandrodesign.ro/cdn/shop/files/metal-warehouse.jpg?v=1741134602&width=1500,image/jpeg,534
https://www.alessandrodesign.ro/cdn/shop/collections/super-oferta.png?v=1739985613&width=1500,image/png,530
https://www.alessandrodesign.ro/cdn/shop/files/a2_b302196a-83b0-40bd-bea1-13da4fd952c2.png?v=1742300304&width=1946,image/png,520
https://www.alessandrodesign.ro/cdn/shop/files/791b4ddc-aa6b-4ebc-ba71-7ff28d538c59.png?v=1741963690&width=1946,image/png,503
https://www.alessandrodesign.ro/cdn/shop/files/791b4ddc-aa6b-4ebc-ba71-7ff28d538c59.png?v=1741963690&width=1445,image/png,503
https://www.alessandrodesign.ro/cdn/shop/files/f834bb76-81d9-4e44-a7e7-8d7201ba7259.png?v=1741609718&width=533,image/png,494
https://cdn.shopify.com/s/files/1/0782/5175/3739/files/BANNER_COLLECTION_27c032b7-43af-4123-846e-fe3b0b8dcd1c.png?v=1740826953,image/png,487
https://www.alessandrodesign.ro/cdn/shop/files/Lustra_LED_NOOR_50W_lumina_Rece_Calda_Neutra_Alb-mockup.jpg?v=1742229929&width=1946,image/jpeg,472
https://www.alessandrodesign.ro/cdn/shop/files/cfff03bb-19a2-4241-8b93-616f2a284450.png?v=1742916003&width=1445,image/png,467
https://www.alessandrodesign.ro/cdn/shop/files/cfff03bb-19a2-4241-8b93-616f2a284450.png?v=1742916003&width=1946,image/png,467
https://www.alessandrodesign.ro/cdn/shop/files/a1_fcf0d8e2-0900-4c2a-b9b3-194cfc79c3a6.png?v=1741868409&width=1946,image/png,462
https://www.alessandrodesign.ro/cdn/shop/files/c2fa58d9-b53f-4e16-99d1-c0ecd42ee024.png?v=1741612200&width=533,image/png,431
https://www.alessandrodesign.ro/cdn/shop/files/8d1ac828-e333-4261-8ba1-d01451ff399f.png?v=1742372166&width=533,image/png,424
https://www.alessandrodesign.ro/cdn/shop/files/931629d1-83cb-44d1-9ede-4fb8ca0c9b25.png?v=1741681432&width=533,image/png,411
https://www.alessandrodesign.ro/cdn/shop/files/931629d1-83cb-44d1-9ede-4fb8ca0c9b25.png?v=1741681432&width=1946,image/png,411
https://www.alessandrodesign.ro/cdn/shop/files/931629d1-83cb-44d1-9ede-4fb8ca0c9b25.png?v=1741681432&width=1445,image/png,411
https://www.alessandrodesign.ro/cdn/shop/files/Untitled-1.png?v=1741961633&width=1946,image/png,408
https://i.ibb.co/kHpCZt4/IP20-ideal-interior.png,image/png,405
https://www.alessandrodesign.ro/cdn/shop/files/Untitled-1.png?v=1741961633&width=1445,image/png,399
https://www.alessandrodesign.ro/cdn/shop/files/Lustra_LED_MORNIKA_12W_lumina_Rece_Calda_Neutra_Alb-mockup2_1.png?v=1742225839&width=533,image/png,387
https://www.alessandrodesign.ro/cdn/shop/files/2f87295b-4943-4d2c-89da-42d91a97096f.png?v=1742220371&width=533,image/png,385
https://i.ibb.co/St4svsW/banner-telecomanda.png,image/png,379
https://www.alessandrodesign.ro/cdn/shop/files/WPSPhotos_1_90579005-d223-41b9-ba05-ccfd54e02ad0.png?v=1741680746&width=533,image/png,366
https://www.alessandrodesign.ro/cdn/shop/files/WPSPhotos_1_3be71866-3b80-45cb-905f-6f3cb2dffd5e.png?v=1741680722&width=533,image/png,366
https://www.alessandrodesign.ro/cdn/shop/files/WPSPhotos_1_223d43f7-6d63-4577-afff-f1a157e548d1.png?v=1741680681&width=533,image/png,366
https://www.alessandrodesign.ro/cdn/shop/files/f1ffa963-61d0-4ae8-9732-43907fc0db3c.png?v=1741681420&width=533,image/png,366
https://www.alessandrodesign.ro/cdn/shop/files/WPS_Photos_1_04e5d7fc-092c-40f6-9ee1-2b0c821fbd02.png?v=1742220537&width=1946,image/png,346
https://www.alessandrodesign.ro/cdn/shop/files/WPS_Photos_1_04e5d7fc-092c-40f6-9ee1-2b0c821fbd02.png?v=1742220537&width=1445,image/png,346
https://www.alessandrodesign.ro/cdn/shop/files/b4b25579-5505-4463-bc97-eebf7a06fe66.png?v=1741771569&width=533,image/png,344
https://www.alessandrodesign.ro/cdn/shop/files/0aa50e61-324e-4599-8453-092f29795614.png?v=1742298761&width=533,image/png,342
https://www.alessandrodesign.ro/cdn/shop/files/WPSPhotos_1_30b3cd22-8a50-4970-95f0-51e368d8896d.png?v=1742223344&width=533,image/png,339
https://www.alessandrodesign.ro/cdn/shop/files/Camera.jpg?v=1741883759&width=1445,image/jpeg,338
https://www.alessandrodesign.ro/cdn/shop/files/WPSPhotos_1_f79149e7-2f99-4f87-905b-d9ce162248b9.png?v=1742219996&width=533,image/png,332
https://www.alessandrodesign.ro/cdn/shop/files/WPS_Photos_1_b45a1583-8007-44d5-a29f-10546c8c6ddc.png?v=1742223510&width=1445,image/png,325
https://www.alessandrodesign.ro/cdn/shop/files/WPS_Photos_1_b45a1583-8007-44d5-a29f-10546c8c6ddc.png?v=1742223510&width=1946,image/png,325
https://www.alessandrodesign.ro/cdn/shop/files/931629d1-83cb-44d1-9ede-4fb8ca0c9b25.png?v=1741681432&width=416,image/png,321
https://www.alessandrodesign.ro/cdn/shop/files/LustraLEDcutelecomandaAMI_50W_3Inimi_luminaRece_Calda_Neutra_Dimabila_Alb_2.png?v=1742219588&width=533,image/png,320
https://www.alessandrodesign.ro/cdn/shop/files/candelabru-cristal-exodus-auriu-1718177380_1__Nero_AI_Image_Upscaler_Photo_Face_1.webp?v=1741613790&width=1946,image/jpeg,317
https://www.alessandrodesign.ro/cdn/shop/files/f834bb76-81d9-4e44-a7e7-8d7201ba7259.png?v=1741609718&width=416,image/png,316
https://www.alessandrodesign.ro/cdn/shop/files/Lustra_LED_MORNIKA_12W_lumina_Rece_Calda_Neutra_Alb-Mockup.jpg?v=1742225839&width=1946,image/jpeg,314
https://www.alessandrodesign.ro/cdn/shop/files/d48677f1-f5a0-4f95-b9ca-7f6c6359aadc.png?v=1742392073&width=533,image/png,310
https://www.alessandrodesign.ro/cdn/shop/files/270532f8-7e77-40ab-8512-26ab649851d2.png?v=1741611768&width=533,image/png,307
https://www.alessandrodesign.ro/cdn/shop/files/WPS_Photos_1_b45a1583-8007-44d5-a29f-10546c8c6ddc.png?v=1742223510&width=533,image/png,307
https://cdn.shopify.com/s/files/1/0782/5175/3739/files/cosul_tau_100.png?v=1741069645,image/png,299
https://www.alessandrodesign.ro/cdn/shop/files/a1_1305d349-1eff-458f-a695-d7702d5cce1d.png?v=1741861265&width=533,image/png,294
https://cdn.shopify.com/s/files/1/0782/5175/3739/files/SHVULC.webp?v=1738313591&width=2048,image/jpeg,294
https://www.alessandrodesign.ro/cdn/shop/files/Lustra_LED_NOOR_50W_lumina_Rece_Calda_Neutra_Alb-mockup.jpg?v=1742229929&width=1445,image/jpeg,291
https://www.alessandrodesign.ro/cdn/shop/files/a2_b27f1dde-e33d-494b-939c-bf3a145d8ac5.png?v=1742198858&width=533,image/png,287
https://cdn.shopify.com/s/files/1/0782/5175/3739/files/SHVOL.webp?v=1738313570&width=2048,image/jpeg,286
https://www.alessandrodesign.ro/cdn/shop/files/a1_685d9d35-2a30-4119-a2d2-fe44bac41ec1.png?v=1741888488&width=533,image/png,285
https://www.alessandrodesign.ro/upload/userfiles/images/DEZABURIRE.jpg,image/jpeg,283
https://www.alessandrodesign.ro/cdn/shop/files/c2fa58d9-b53f-4e16-99d1-c0ecd42ee024.png?v=1741612200&width=416,image/png,282
https://www.alessandrodesign.ro/cdn/shop/files/a1_517b0e5f-5d13-4631-9fd9-bbd37021f681.png?v=1742393065&width=533,image/png,280
https://www.alessandrodesign.ro/cdn/shop/files/a1_1af28574-7104-4fc0-85e3-bfcef7e9b67a.png?v=1742300304&width=533,image/png,275
https://www.alessandrodesign.ro/cdn/shop/files/a2_0bbb19c5-a24a-4a55-a3ed-3ac65bcd1268.png?v=1742395867&width=2048,image/png,275
https://www.alessandrodesign.ro/cdn/shop/files/a2_0bbb19c5-a24a-4a55-a3ed-3ac65bcd1268.png?v=1742395867,image/png,275
https://www.alessandrodesign.ro/cdn/shop/files/a2_0bbb19c5-a24a-4a55-a3ed-3ac65bcd1268.png?v=1742395867&width=1946,image/png,275
https://www.alessandrodesign.ro/cdn/shop/files/a2_0bbb19c5-a24a-4a55-a3ed-3ac65bcd1268.png?v=1742395867&width=1445,image/png,275
https://www.alessandrodesign.ro/cdn/shop/files/a3-1732711560.webp?v=1740446316&width=1946,image/jpeg,272
https://www.alessandrodesign.ro/cdn/shop/files/a3-1732711560.webp?v=1740446316&width=1445,image/jpeg,272
https://www.alessandrodesign.ro/cdn/shop/files/a3-1732711609.webp?v=1740447681&width=1946,image/jpeg,272
https://www.alessandrodesign.ro/cdn/shop/files/a3-1732711609.webp?v=1740447681&width=1445,image/jpeg,272
https://www.alessandrodesign.ro/cdn/shop/files/panou-artificial-100x100cm-verde_pv06-100x100_02-1686045743.webp?v=1740438854&width=1445,image/jpeg,271
https://www.alessandrodesign.ro/cdn/shop/files/panou-artificial-100x100cm-verde_pv06-100x100_02-1686045743.webp?v=1740438854&width=1946,image/jpeg,271
https://cdn.shopify.com/s/files/1/0782/5175/3739/files/SS2_500x.png?v=1738316017,image/png,269
https://www.alessandrodesign.ro/cdn/shop/files/candelabru-cristal-selim-14x-e14-auriu_CC2085AU_04.webp?v=1740436292&width=1445,image/jpeg,268
https://www.alessandrodesign.ro/cdn/shop/files/candelabru-cristal-selim-14x-e14-auriu_CC2085AU_04.webp?v=1740436292&width=1946,image/jpeg,268
https://www.alessandrodesign.ro/cdn/shop/files/candelabru-cristal-kassian-11x-e14-auriu_CC2065AU_03.webp?v=1740436162&width=1946,image/jpeg,268
https://www.alessandrodesign.ro/cdn/shop/files/candelabru-cristal-kassian-11x-e14-auriu_CC2065AU_03.webp?v=1740436162&width=1445,image/jpeg,268
https://www.alessandrodesign.ro/cdn/shop/files/1cf474e9-8688-4aaf-9b27-ac56a04079fe.png?v=1742221682&width=533,image/png,267
https://www.alessandrodesign.ro/cdn/shop/files/a2-1732632558.webp?v=1740446322&width=1445,image/jpeg,266
https://www.alessandrodesign.ro/cdn/shop/files/a2-1732632558.webp?v=1740446322&width=1946,image/jpeg,266
https://www.alessandrodesign.ro/cdn/shop/files/panou-artificial-100x100cm-verde-1686045741.webp?v=1740438855&width=1445,image/jpeg,265
https://www.alessandrodesign.ro/cdn/shop/files/panou-artificial-100x100cm-verde-1686045741.webp?v=1740438855&width=1946,image/jpeg,265
https://www.alessandrodesign.ro/cdn/shop/files/a1_fcf0d8e2-0900-4c2a-b9b3-194cfc79c3a6.png?v=1741868409&width=1445,image/png,264
https://www.alessandrodesign.ro/cdn/shop/files/8d1ac828-e333-4261-8ba1-d01451ff399f.png?v=1742372166&width=416,image/png,263
https://www.alessandrodesign.ro/cdn/shop/files/a2_2aa082f0-c6a7-4422-9b82-ebb69a7d9450.png?v=1742218687&width=533,image/png,261
https://www.alessandrodesign.ro/cdn/shop/files/LustraLEDMITA_28W_luminaRece_Calda_Neutra_Alb-2.jpg?v=1742223336&width=1946,image/jpeg,260
https://www.alessandrodesign.ro/cdn/shop/files/aplica-led-cristal-betina-32w-argintiu_AP2162AG_02.webp?v=1740436360&width=1946,image/jpeg,259
https://www.alessandrodesign.ro/cdn/shop/files/aplica-led-cristal-betina-32w-argintiu_AP2162AG_02.webp?v=1740436360&width=1445,image/jpeg,259
https://www.alessandrodesign.ro/cdn/shop/files/a5.png?v=1742218687&width=533,image/png,258
https://www.alessandrodesign.ro/cdn/shop/files/a1_e693b744-4b4c-4013-b938-0fcad639c9bb.png?v=1742218687&width=533,image/png,258
https://cdn.shopify.com/s/files/1/0782/5175/3739/files/SS1_500x.png?v=1738315002,image/png,256
https://www.alessandrodesign.ro/cdn/shop/files/ff7a3ab3-5d10-4c78-80ad-47e3ce50828c.png?v=1742916003&width=533,image/png,256
https://www.alessandrodesign.ro/cdn/shop/files/set-3-covorase-de-baie-50x40-cm-verde-antiderapant_3P012_04.webp?v=1740394054&width=1946,image/jpeg,255
https://www.alessandrodesign.ro/cdn/shop/files/set-3-covorase-de-baie-50x40-cm-verde-antiderapant_3P012_04.webp?v=1740394054&width=1445,image/jpeg,255
https://www.alessandrodesign.ro/cdn/shop/files/6e6946e3-66b4-47dc-a5f9-e061d2279500.png?v=1742903458&width=533,image/png,255
https://www.alessandrodesign.ro/cdn/shop/files/WPSPhotos_1_e698b608-3b17-4880-88ab-26c80016dfad.png?v=1741680979&width=533,image/png,255
https://www.alessandrodesign.ro/cdn/shop/files/panou-artificial-50x50cm-verde_pv07-50x50_02-1686046080.webp?v=1740438861&width=1946,image/jpeg,254
https://www.alessandrodesign.ro/cdn/shop/files/panou-artificial-50x50cm-verde_pv07-50x50_02-1686046080.webp?v=1740438861&width=1445,image/jpeg,254
https://www.alessandrodesign.ro/cdn/shop/files/candelabru-cristal-soner-4x-e27-auriu_CC1999AU_03.webp?v=1740422782&width=1946,image/jpeg,252
https://www.alessandrodesign.ro/cdn/shop/files/candelabru-cristal-soner-4x-e27-auriu_CC1999AU_03.webp?v=1740422782&width=1445,image/jpeg,252
https://www.alessandrodesign.ro/cdn/shop/files/a4_1fd7180d-5771-4ce4-ba40-efe4b09752ec.png?v=1743073083&width=533,image/png,250
https://www.alessandrodesign.ro/cdn/shop/files/a1_18485c35-ce77-4ebc-9361-0235266f6011.png?v=1743078773&width=533,image/png,249
https://www.alessandrodesign.ro/cdn/shop/files/T161-3.jpg?v=1741859250&width=1946,image/jpeg,248
https://www.alessandrodesign.ro/cdn/shop/files/T161-3.jpg?v=1741859250&width=1445,image/jpeg,248
https://www.alessandrodesign.ro/cdn/shop/files/4dc41980-618f-443a-8f26-71d3e51073a8.png?v=1742395451&width=533,image/png,247
https://www.alessandrodesign.ro/cdn/shop/files/af357c6d-beba-4e59-8bd2-b0bc378e4779.png?v=1742308685&width=533,image/png,247
https://www.alessandrodesign.ro/cdn/shop/files/panou-artificial-50x50cm-verde-1686046078.webp?v=1740438861&width=1946,image/jpeg,245
https://www.alessandrodesign.ro/cdn/shop/files/panou-artificial-50x50cm-verde-1686046078.webp?v=1740438861&width=1445,image/jpeg,245
https://www.alessandrodesign.ro/cdn/shop/files/a1_7a08aeaa-b81b-4972-a007-fc14b5e8ad34.png?v=1742311691&width=533,image/png,245
https://www.alessandrodesign.ro/cdn/shop/files/candelabru-junnut-21xe27-cristal-metal-auriu_CC2037AU_05.webp?v=1742372166&width=1445,image/jpeg,245
https://www.alessandrodesign.ro/cdn/shop/files/candelabru-junnut-21xe27-cristal-metal-auriu_CC2037AU_05.webp?v=1742372166&width=1946,image/jpeg,245
https://www.alessandrodesign.ro/cdn/shop/files/tapet-vinil-lavabil-melisa-vinil-pe-suport-de-flizelin-106-m-x-1005m-5085_5085_01.webp?v=1740408335&width=1445,image/jpeg,244
https://www.alessandrodesign.ro/cdn/shop/files/tapet-vinil-lavabil-melisa-vinil-pe-suport-de-flizelin-106-m-x-1005m-5085_5085_01.webp?v=1740408335&width=1946,image/jpeg,244
https://www.alessandrodesign.ro/cdn/shop/files/1cf474e9-8688-4aaf-9b27-ac56a04079fe_c21d9b06-0d6d-4376-80c8-6a8db77b5d33.png?v=1742221910&width=533,image/png,243
https://www.alessandrodesign.ro/cdn/shop/files/tapet-arabia-albastru-1010_1010_01.webp?v=1740408053&width=1946,image/jpeg,243
https://www.alessandrodesign.ro/cdn/shop/files/tapet-arabia-albastru-1010_1010_01.webp?v=1740408053&width=1445,image/jpeg,243
https://www.alessandrodesign.ro/cdn/shop/files/a2_5f5fe145-9068-4f4d-adb6-4f07f57c3879.png?v=1741678764&width=533,image/png,242
https://www.alessandrodesign.ro/cdn/shop/files/1b-1718646954.webp?v=1740443145&width=1445,image/jpeg,241
https://www.alessandrodesign.ro/cdn/shop/files/1b-1718646954.webp?v=1740443145&width=1946,image/jpeg,241
https://www.alessandrodesign.ro/cdn/shop/files/Lustra_LED_MORNIKA_12W_lumina_Rece_Calda_Neutra_Alb-mockup2_1.png?v=1742225839&width=416,image/png,241
https://www.alessandrodesign.ro/cdn/shop/files/panou-artificial-50x50cm-verde_pv07-50x50_03-1686046082.webp?v=1740438861&width=1946,image/jpeg,239
https://www.alessandrodesign.ro/cdn/shop/files/panou-artificial-50x50cm-verde_pv07-50x50_03-1686046082.webp?v=1740438861&width=1445,image/jpeg,239
https://www.alessandrodesign.ro/cdn/shop/files/candelabru-junnut-21xe27-cristal-metal-auriu_CC2037AU_04.webp?v=1742372166&width=1946,image/jpeg,239
https://www.alessandrodesign.ro/cdn/shop/files/candelabru-junnut-21xe27-cristal-metal-auriu_CC2037AU_04.webp?v=1742372166&width=1445,image/jpeg,239
https://www.alessandrodesign.ro/cdn/shop/files/WPS_Photos_1.png?v=1741679369&width=533,image/png,239
https://www.alessandrodesign.ro/cdn/shop/files/WPS_Photos_1_575d305c-8086-417b-b848-0c54f7743b5f.png?v=1741679772&width=533,image/png,239
https://www.alessandrodesign.ro/cdn/shop/files/62a5589b-3195-4f8f-b265-58fdfdfbf4ee.png?v=1741785325&width=533,image/png,236
https://www.alessandrodesign.ro/cdn/shop/files/WPS_Photos_1_04e5d7fc-092c-40f6-9ee1-2b0c821fbd02.png?v=1742220537&width=533,image/png,236
https://www.alessandrodesign.ro/cdn/shop/files/a2_0bbb19c5-a24a-4a55-a3ed-3ac65bcd1268.png?v=1742395867&width=533,image/png,232
https://www.alessandrodesign.ro/cdn/shop/files/f1ffa963-61d0-4ae8-9732-43907fc0db3c.png?v=1741681420&width=416,image/png,231
https://www.alessandrodesign.ro/cdn/shop/files/H292ec247abbb486380b7cd4eca8e0e36C.webp?v=1742300577&width=533,image/png,230
https://www.alessandrodesign.ro/cdn/shop/files/set-10xtapet-3d-autoadeziv-maro-din-spuma-moale-80cmx70cmx6mm-model-litere-maro-deschis_3D-L_01.webp?v=1740416370&width=1445,image/jpeg,230
https://www.alessandrodesign.ro/cdn/shop/files/set-10xtapet-3d-autoadeziv-maro-din-spuma-moale-80cmx70cmx6mm-model-litere-maro-deschis_3D-L_01.webp?v=1740416370&width=1946,image/jpeg,230
https://www.alessandrodesign.ro/cdn/shop/files/b4b25579-5505-4463-bc97-eebf7a06fe66.png?v=1741771569&width=416,image/png,229
https://www.alessandrodesign.ro/cdn/shop/files/a1_0ec8585a-cb57-42e7-b11d-c7c7dd96d3f0.png?v=1741678757&width=533,image/png,229
https://www.alessandrodesign.ro/cdn/shop/files/a3_62ba8e51-a532-4e54-89f4-270eb25a3f93.png?v=1743073083&width=533,image/png,228
https://www.alessandrodesign.ro/cdn/shop/files/candelabru-cristal-luciano-6xe14-auriu-metal-cristal_CC555AU_03.webp?v=1740406440&width=1946,image/jpeg,228
https://www.alessandrodesign.ro/cdn/shop/files/candelabru-cristal-luciano-6xe14-auriu-metal-cristal_CC555AU_03.webp?v=1740406440&width=1445,image/jpeg,228
https://www.alessandrodesign.ro/cdn/shop/files/LustraLEDcutelecomandaAMI_50W_3Inimi_luminaRece_Calda_Neutra_Dimabila_Alb.png?v=1742219589&width=416,image/png,226
https://www.alessandrodesign.ro/cdn/shop/files/candelabru-junnut-21xe27-cristal-metal-auriu_CC2037AU_02.webp?v=1742372166&width=1445,image/jpeg,226
https://www.alessandrodesign.ro/cdn/shop/files/candelabru-junnut-21xe27-cristal-metal-auriu_CC2037AU_02.webp?v=1742372166&width=1946,image/jpeg,226
https://www.alessandrodesign.ro/upload/userfiles/images/SENZOR.jpg,image/jpeg,225
https://www.alessandrodesign.ro/cdn/shop/files/candelabru-cristal-luciano-6xe14-auriu-metal-cristal_CC555AU_04.webp?v=1740406440&width=1445,image/jpeg,225
https://www.alessandrodesign.ro/cdn/shop/files/candelabru-cristal-luciano-6xe14-auriu-metal-cristal_CC555AU_04.webp?v=1740406440&width=1946,image/jpeg,225
https://www.alessandrodesign.ro/cdn/shop/files/41VY0J2V91L-1717571403715-1728917712_2__Nero_AI_Image_Upscaler_Photo_Face_1.webp?v=1741613371&width=1445,image/jpeg,224
https://www.alessandrodesign.ro/cdn/shop/files/41VY0J2V91L-1717571403715-1728917712_2__Nero_AI_Image_Upscaler_Photo_Face_1.webp?v=1741613371&width=1946,image/jpeg,224
https://www.alessandrodesign.ro/upload/userfiles/images/BUTON.jpg,image/jpeg,224
https://www.alessandrodesign.ro/cdn/shop/files/a67f2fa1-293a-4a9f-99b9-bc541e6dd032_d5773012-423b-4854-867a-b523e8786db4.png?v=1742809891&width=533,image/png,221
https://www.alessandrodesign.ro/cdn/shop/files/a67f2fa1-293a-4a9f-99b9-bc541e6dd032.png?v=1742805364&width=533,image/png,221
https://www.alessandrodesign.ro/cdn/shop/files/candelabru-cristal-bamsi-10x-e27-auriu_CC2082AU_03.webp?v=1740436265&width=1946,image/jpeg,220
https://www.alessandrodesign.ro/cdn/shop/files/candelabru-cristal-bamsi-10x-e27-auriu_CC2082AU_03.webp?v=1740436265&width=1445,image/jpeg,220
https://www.alessandrodesign.ro/cdn/shop/files/H17187e0707e94658906b7f617e0aac5eE.jpg_720x720q50_1.png?v=1742901939&width=1445,image/png,219
https://www.alessandrodesign.ro/cdn/shop/files/H17187e0707e94658906b7f617e0aac5eE.jpg_720x720q50_1.png?v=1742901939&width=1946,image/png,219
https://www.alessandrodesign.ro/cdn/shop/files/baterie-bucatarie-dus-extractibil-inox-sus304-satinat-cf018_BBC4260ST_05.webp?v=1740403505&width=1946,image/jpeg,217
https://www.alessandrodesign.ro/cdn/shop/files/baterie-bucatarie-dus-extractibil-inox-sus304-satinat-cf018_BBC4260ST_05.webp?v=1740403505&width=1445,image/jpeg,217
https://www.alessandrodesign.ro/cdn/shop/files/WPSPhotos_1_90579005-d223-41b9-ba05-ccfd54e02ad0_400x400.png?v=1741680746,image/png,216
https://www.alessandrodesign.ro/cdn/shop/files/WPSPhotos_1_223d43f7-6d63-4577-afff-f1a157e548d1_400x400.png?v=1741680681,image/png,216
https://www.alessandrodesign.ro/cdn/shop/files/WPSPhotos_1_3be71866-3b80-45cb-905f-6f3cb2dffd5e_400x400.png?v=1741680722,image/png,216
https://www.alessandrodesign.ro/cdn/shop/files/f1ffa963-61d0-4ae8-9732-43907fc0db3c_400x400.png?v=1741681420,image/png,215
https://www.alessandrodesign.ro/cdn/shop/files/tapet-vinil-lavabil-top-albastru--vinil-pe-suport-de-flizelin106-m-x-1005m-2-1276_2-1276_01.webp?v=1740410105&width=1946,image/jpeg,215
https://www.alessandrodesign.ro/cdn/shop/files/tapet-vinil-lavabil-top-albastru--vinil-pe-suport-de-flizelin106-m-x-1005m-2-1276_2-1276_01.webp?v=1740410105&width=1445,image/jpeg,215
https://www.alessandrodesign.ro/cdn/shop/files/791b4ddc-aa6b-4ebc-ba71-7ff28d538c59.png?v=1741963690&width=533,image/png,214
https://www.alessandrodesign.ro/cdn/shop/files/panou-artificial-50x50cm-verde-1686045632.webp?v=1740438848&width=1946,image/jpeg,214
https://www.alessandrodesign.ro/cdn/shop/files/panou-artificial-50x50cm-verde-1686045632.webp?v=1740438848&width=1445,image/jpeg,214
https://www.alessandrodesign.ro/cdn/shop/files/candelabru-cristal-selim-14x-e14-auriu_CC2085AU_03.webp?v=1740436293&width=1445,image/jpeg,214
https://www.alessandrodesign.ro/cdn/shop/files/candelabru-cristal-selim-14x-e14-auriu_CC2085AU_03.webp?v=1740436293&width=1946,image/jpeg,214
https://www.alessandrodesign.ro/cdn/shop/files/286b7cea-ccfe-4775-9c8f-3059ff7a75b9-1738581913.webp?v=1740447786&width=1946,image/jpeg,213
https://www.alessandrodesign.ro/cdn/shop/files/286b7cea-ccfe-4775-9c8f-3059ff7a75b9-1738581913.webp?v=1740447786&width=1445,image/jpeg,213
https://www.alessandrodesign.ro/cdn/shop/files/tapet-de-vinil-pe-suport-hartie-efes-053x1005m_1334-62_01.webp?v=1740412769&width=1946,image/jpeg,213
https://www.alessandrodesign.ro/cdn/shop/files/tapet-de-vinil-pe-suport-hartie-efes-053x1005m_1334-62_01.webp?v=1740412769&width=1445,image/jpeg,213
https://www.alessandrodesign.ro/cdn/shop/articles/f7bb9afe0b870870df5805b69d715ff5.jpg?v=1742308170&width=1100,image/jpeg,213
https://www.alessandrodesign.ro/cdn/shop/files/instalatie-180-leduri-8-m-fir-negru-multicolor_IX4814_02.webp?v=1740401833&width=1946,image/jpeg,213
https://www.alessandrodesign.ro/cdn/shop/files/instalatie-180-leduri-8-m-fir-negru-multicolor_IX4814_02.webp?v=1740401833&width=1445,image/jpeg,213
https://www.alessandrodesign.ro/cdn/shop/files/candelabru-cristal-luciano-6xe14-auriu-metal-cristal_CC555AU_02.webp?v=1740406440&width=1445,image/jpeg,212
https://www.alessandrodesign.ro/cdn/shop/files/candelabru-cristal-luciano-6xe14-auriu-metal-cristal_CC555AU_02.webp?v=1740406440&width=1946,image/jpeg,212
https://www.alessandrodesign.ro/cdn/shop/files/candelabru-led-telecomanda-zimar-80w-auriu_CC2052AU_02.webp?v=1740434687&width=1445,image/jpeg,210
https://www.alessandrodesign.ro/cdn/shop/files/candelabru-led-telecomanda-zimar-80w-auriu_CC2052AU_02.webp?v=1740434687&width=1946,image/jpeg,210
https://www.alessandrodesign.ro/cdn/shop/files/Hcc120954b83f4c27be946301556d9b0am.webp?v=1741174313&width=1946,image/jpeg,210
https://www.alessandrodesign.ro/cdn/shop/files/Lustra_LED_MORNIKA_12W_lumina_Rece_Calda_Neutra_Alb-Mockup.jpg?v=1742225839&width=1445,image/jpeg,210
https://www.alessandrodesign.ro/cdn/shop/files/tapet-de-vinil-pe-suport-hartie-efes-053x1005m_1334-62_03.webp?v=1740412768&width=1445,image/jpeg,209
https://www.alessandrodesign.ro/cdn/shop/files/tapet-de-vinil-pe-suport-hartie-efes-053x1005m_1334-62_03.webp?v=1740412768&width=1946,image/jpeg,209
https://www.alessandrodesign.ro/cdn/shop/files/brad-artificial-150-cm-verde-alb_BR150WH_02.webp?v=1740413441&width=1445,image/jpeg,209
https://www.alessandrodesign.ro/cdn/shop/files/brad-artificial-120-cm-verde-alb_BR120WH_02.webp?v=1740413050&width=1445,image/jpeg,209
https://www.alessandrodesign.ro/cdn/shop/files/brad-artificial-150-cm-verde-alb_BR150WH_02.webp?v=1740413441&width=1946,image/jpeg,209
https://www.alessandrodesign.ro/cdn/shop/files/brad-artificial-180-cm-verde-alb_BR180WH_02.webp?v=1740413072&width=1445,image/jpeg,209
https://www.alessandrodesign.ro/cdn/shop/files/brad-artificial-180-cm-verde-alb_BR180WH_02.webp?v=1740413072&width=1946,image/jpeg,209
https://www.alessandrodesign.ro/cdn/shop/files/brad-artificial-120-cm-verde-alb_BR120WH_02.webp?v=1740413050&width=1946,image/jpeg,209
https://lh4.googleusercontent.com/3U5hpkR4oVeB0kqbPPmVKkFGcBDmFWqK_FCHw0XBRm-pb07Y1BOe4Sb7fZBaO3LIZVfGUaA2yaBJC1ycyJNS0QCJPhGdQH1B_lKFd8ciDAmrscnqt4d_zv_k4tj1EBBpDNHmN97t=s0,image/jpeg,208
https://www.alessandrodesign.ro/cdn/shop/files/a4_7ec13088-6dc6-449f-938a-edc4867bae25.png?v=1743078773&width=533,image/png,208
https://www.alessandrodesign.ro/cdn/shop/files/0aa50e61-324e-4599-8453-092f29795614.png?v=1742298761&width=416,image/png,207
https://www.alessandrodesign.ro/cdn/shop/files/LustraLEDcutelecomandaAMI_50W_3Inimi_luminaRece_Calda_Neutra_Dimabila_Alb_2.png?v=1742219588&width=416,image/png,207
https://www.alessandrodesign.ro/cdn/shop/files/candelabru-karam-10xe27-metal-cristal-auriu_CC2028AU_04.webp?v=1740433169&width=1946,image/jpeg,207
https://www.alessandrodesign.ro/cdn/shop/files/candelabru-karam-10xe27-metal-cristal-auriu_CC2028AU_04.webp?v=1740433169&width=1445,image/jpeg,207
https://www.alessandrodesign.ro/cdn/shop/files/brad-artificial-210-cm-verde-alb_AT1CT-SH1A-DRST-BR210WH_02.webp?v=1740434105&width=1445,image/jpeg,207
https://www.alessandrodesign.ro/cdn/shop/files/brad-artificial-240-cm-verde-alb_AT1CT-SH1A-DRST-BR240WH_02.webp?v=1740434112&width=1445,image/jpeg,207
https://www.alessandrodesign.ro/cdn/shop/files/brad-artificial-210-cm-verde-alb_AT1CT-SH1A-DRST-BR210WH_02.webp?v=1740434105&width=1946,image/jpeg,207
https://www.alessandrodesign.ro/cdn/shop/files/brad-artificial-240-cm-verde-alb_AT1CT-SH1A-DRST-BR240WH_02.webp?v=1740434112&width=1946,image/jpeg,207
https://www.alessandrodesign.ro/cdn/shop/files/candelabru-led-telecomanda-zakir-100w-auriu_CC2050AU_02.webp?v=1740434673&width=1946,image/jpeg,207
https://www.alessandrodesign.ro/cdn/shop/files/candelabru-led-telecomanda-zakir-100w-auriu_CC2050AU_02.webp?v=1740434673&width=1445,image/jpeg,207
https://www.alessandrodesign.ro/cdn/shop/files/candelabru-led-telecomanda-zareef-80w-auriu_CC2051AU_03.webp?v=1740434680&width=1946,image/jpeg,207
https://www.alessandrodesign.ro/cdn/shop/files/candelabru-led-telecomanda-zareef-80w-auriu_CC2051AU_03.webp?v=1740434680&width=1445,image/jpeg,207
https://www.alessandrodesign.ro/cdn/shop/files/candelabru-cristal-ander-8xe27-auriu-metal-cristal_CC626_02.webp?v=1740402394&width=1946,image/jpeg,207
https://www.alessandrodesign.ro/cdn/shop/files/candelabru-cristal-ander-8xe27-auriu-metal-cristal_CC626_02.webp?v=1740402394&width=1445,image/jpeg,207
https://www.alessandrodesign.ro/cdn/shop/files/tapet-de-vinil-pe-suport-hartie-efes-053x1005m_1334-62_02.webp?v=1740412768&width=1946,image/jpeg,207
https://www.alessandrodesign.ro/cdn/shop/files/tapet-de-vinil-pe-suport-hartie-efes-053x1005m_1334-62_02.webp?v=1740412768&width=1445,image/jpeg,207
https://www.alessandrodesign.ro/cdn/shop/files/baterie-perete-rozeta-pipa-rotativa-aliaj-crom-pr001_PR001_01.webp?v=1740402370&width=1946,image/jpeg,207
https://www.alessandrodesign.ro/cdn/shop/files/baterie-perete-rozeta-pipa-rotativa-aliaj-crom-pr001_PR001_01_491bcbbb-fa00-45c1-8651-6ab8eed6627b.webp?v=1741796951&width=1445,image/jpeg,207
https://www.alessandrodesign.ro/cdn/shop/files/baterie-perete-rozeta-pipa-rotativa-aliaj-crom-pr001_PR001_01_491bcbbb-fa00-45c1-8651-6ab8eed6627b.webp?v=1741796951&width=1946,image/jpeg,207
https://www.alessandrodesign.ro/cdn/shop/files/baterie-perete-rozeta-pipa-rotativa-aliaj-crom-pr001_PR001_01.webp?v=1740402370&width=1445,image/jpeg,207
https://www.alessandrodesign.ro/cdn/shop/files/aplica-led-de-exterior-gamze-10w-ip65-negru_IX4905N_01.webp?v=1740436312&width=1946,image/jpeg,206
https://www.alessandrodesign.ro/cdn/shop/files/aplica-led-de-exterior-gamze-10w-ip65-negru_IX4905N_01.webp?v=1740436312&width=1445,image/jpeg,206
https://www.alessandrodesign.ro/cdn/shop/files/candelabru-karam-10xe27-metal-cristal-auriu_CC2028AU_05.webp?v=1740433169&width=1946,image/jpeg,206
https://www.alessandrodesign.ro/cdn/shop/files/candelabru-karam-10xe27-metal-cristal-auriu_CC2028AU_05.webp?v=1740433169&width=1445,image/jpeg,206
https://www.alessandrodesign.ro/cdn/shop/files/ghirlanda-luminoasa-pendule-15x-e27-10m-ip65-negru_IX4870N_04.webp?v=1740421359&width=1946,image/jpeg,206
https://www.alessandrodesign.ro/cdn/shop/files/ghirlanda-luminoasa-pendule-15x-e27-10m-ip65-negru_IX4870N_04.webp?v=1740421359&width=1445,image/jpeg,206
https://www.alessandrodesign.ro/cdn/shop/files/fb8a0054-3f48-4591-ad32-c80a25d66ef8.png?v=1741855453&width=533,image/png,206
https://www.alessandrodesign.ro/cdn/shop/files/d48677f1-f5a0-4f95-b9ca-7f6c6359aadc.png?v=1742392073&width=416,image/png,204
https://www.alessandrodesign.ro/cdn/shop/articles/f7bb9afe0b870870df5805b69d715ff5.jpg?v=1742308170&width=2048,image/jpeg,204
https://www.alessandrodesign.ro/cdn/shop/files/candelabru-led-telecomanda-alonzo-93w-dimabil-auriu_CC2055AU_05.webp?v=1740434937&width=1946,image/jpeg,204
https://www.alessandrodesign.ro/cdn/shop/files/candelabru-led-telecomanda-alonzo-93w-dimabil-auriu_CC2055AU_05.webp?v=1740434937&width=1445,image/jpeg,204
https://www.alessandrodesign.ro/cdn/shop/files/candelabru-led-telecomanda-aden-58w-dimabil-auriu_CC2054AU_02.webp?v=1740434930&width=1445,image/jpeg,204
https://www.alessandrodesign.ro/cdn/shop/files/candelabru-led-telecomanda-aden-58w-dimabil-auriu_CC2054AU_02.webp?v=1740434930&width=1946,image/jpeg,204
https://www.alessandrodesign.ro/cdn/shop/files/candelabru-led-telecomanda-alvaro-128w-dimabil-auriu_CC2056AU_05.webp?v=1740434946&width=1445,image/jpeg,204
https://www.alessandrodesign.ro/cdn/shop/files/candelabru-led-telecomanda-alvaro-128w-dimabil-auriu_CC2056AU_05.webp?v=1740434946&width=1946,image/jpeg,204
https://www.alessandrodesign.ro/cdn/shop/files/set-10xtapet-3d-autoadeziv-maro-din-spuma-moale-80cmx70cmx6mm-model-litere-maro-inchis_3D-N_01.webp?v=1740416617&width=1946,image/jpeg,203
https://www.alessandrodesign.ro/cdn/shop/files/set-10xtapet-3d-autoadeziv-maro-din-spuma-moale-80cmx70cmx6mm-model-litere-maro-inchis_3D-N_01.webp?v=1740416617&width=1445,image/jpeg,203
