url,varianta,format_audit,kb_audit,status_acum,format_crawler_acum,kb_crawler_acum,format_browser,kb_browser,dimensiune_px_servita,peste_200kb_in_browser
https://www.alessandrodesign.ro/cdn/shop/files/a3_530e7444-c06e-4d09-b3a9-65b2c76affb1.png?v=1743092200,original,image/png,6410,200,image/png,1693,image/webp,93,1080x1080,nu
https://www.alessandrodesign.ro/cdn/shop/files/a2_c3acf9d3-fa92-4ed8-83c4-e7e1df6080e6.png?v=1743092200,original,image/png,5765,200,image/png,5811,image/webp,312,2000x2000,DA
https://www.alessandrodesign.ro/cdn/shop/files/8d1ac828-e333-4261-8ba1-d01451ff399f.png?v=1742372166&width=1946,width=1946,image/png,4339,200,image/png,4535,image/webp,224,1800x1800,DA
https://www.alessandrodesign.ro/cdn/shop/files/a1_ebdec3e8-ccf0-43f6-9c6c-b5828fcb7ff5.png?v=1743073083,original,image/png,4286,200,image/png,4548,image/webp,45,2000x2000,nu
https://www.alessandrodesign.ro/cdn/shop/files/a4_1fd7180d-5771-4ce4-ba40-efe4b09752ec.png?v=1743073083&width=3840,width=3840,image/png,4276,200,image/png,4543,image/webp,53,2000x2000,nu
https://www.alessandrodesign.ro/cdn/shop/files/a4_1fd7180d-5771-4ce4-ba40-efe4b09752ec.png?v=1743073083,original,image/png,4276,200,image/png,4543,image/webp,53,2000x2000,nu
https://www.alessandrodesign.ro/cdn/shop/files/a2_508a9c70-cbeb-43ed-913c-c0331e0e1c4a.png?v=1743073083,original,image/png,4268,200,image/png,4581,image/webp,65,2000x2000,nu
https://www.alessandrodesign.ro/cdn/shop/files/a3_62ba8e51-a532-4e54-89f4-270eb25a3f93.png?v=1743073083,original,image/png,4267,200,image/png,4555,image/webp,44,2000x2000,nu
https://www.alessandrodesign.ro/cdn/shop/files/ff7a3ab3-5d10-4c78-80ad-47e3ce50828c.png?v=1742916003&width=1946,width=1946,image/png,3586,200,image/png,3842,image/webp,74,1946x1946,nu
https://www.alessandrodesign.ro/cdn/shop/files/a1_27e5dca8-2bea-41a0-9c0b-50dd79cf150f.png?v=1743092200,original,image/png,3496,200,image/png,3746,image/webp,94,2000x2000,nu
https://www.alessandrodesign.ro/cdn/shop/files/a1_27e5dca8-2bea-41a0-9c0b-50dd79cf150f.png?v=1743092200&width=3840,width=3840,image/png,3496,200,image/png,3746,image/webp,94,2000x2000,nu
https://www.alessandrodesign.ro/cdn/shop/files/a1_18485c35-ce77-4ebc-9361-0235266f6011.png?v=1743078773,original,image/png,3143,200,image/png,3429,image/webp,74,2000x2000,nu
https://www.alessandrodesign.ro/cdn/shop/files/a1_18485c35-ce77-4ebc-9361-0235266f6011.png?v=1743078773&width=3840,width=3840,image/png,3143,200,image/png,3429,image/webp,74,2000x2000,nu
https://www.alessandrodesign.ro/cdn/shop/files/f834bb76-81d9-4e44-a7e7-8d7201ba7259.png?v=1741609718&width=1946,width=1946,image/png,3079,200,image/png,3254,image/webp,215,1440x1440,DA
https://www.alessandrodesign.ro/cdn/shop/files/f834bb76-81d9-4e44-a7e7-8d7201ba7259.png?v=1741609718&width=1445,width=1445,image/png,3079,200,image/png,3254,image/webp,215,1440x1440,DA
https://www.alessandrodesign.ro/cdn/shop/files/a2_3af6f4f4-efae-41b4-af8d-a850434036b6.png?v=1743078773,original,image/png,2932,200,image/png,3285,image/webp,64,2000x2000,nu
https://www.alessandrodesign.ro/cdn/shop/files/a4_7ec13088-6dc6-449f-938a-edc4867bae25.png?v=1743078773,original,image/png,2870,200,image/png,3212,image/webp,52,2000x2000,nu
https://www.alessandrodesign.ro/cdn/shop/files/a1_517b0e5f-5d13-4631-9fd9-bbd37021f681.png?v=1742393065&width=1946,width=1946,image/png,2860,200,image/png,3052,image/webp,81,1946x1946,nu
https://www.alessandrodesign.ro/cdn/shop/files/8d1ac828-e333-4261-8ba1-d01451ff399f.png?v=1742372166&width=1445,width=1445,image/png,2859,200,image/png,2968,image/webp,169,1445x1445,nu
https://www.alessandrodesign.ro/cdn/shop/files/a3_4fbd039c-5df7-4eb1-988f-739b1eb60617.png?v=1743078773,original,image/png,2729,200,image/png,3083,image/webp,48,2000x2000,nu
https://www.alessandrodesign.ro/cdn/shop/files/a4_c2fc91e6-cb6c-441f-97b7-59351f07bf86.png?v=1742218686&width=1946,width=1946,image/png,2626,200,image/png,2783,image/webp,55,1500x1500,nu
https://www.alessandrodesign.ro/cdn/shop/files/a5.png?v=1742218687&width=1946,width=1946,image/png,2578,200,image/png,2740,image/webp,47,1500x1500,nu
https://www.alessandrodesign.ro/cdn/shop/files/a1_1305d349-1eff-458f-a695-d7702d5cce1d.png?v=1741861265&width=1946,width=1946,image/png,2511,200,image/png,2647,image/webp,125,1946x1946,nu
https://www.alessandrodesign.ro/cdn/shop/files/3_4c5b5c46-d2f0-4998-a296-6903fd6c11ce.png?v=1741678999&width=1946,width=1946,image/png,2497,200,image/png,2573,image/webp,37,1500x1500,nu
https://www.alessandrodesign.ro/cdn/shop/files/3_4c5b5c46-d2f0-4998-a296-6903fd6c11ce.png?v=1741678999,original,image/png,2497,200,image/png,2573,image/webp,37,1500x1500,nu
https://www.alessandrodesign.ro/cdn/shop/files/a2_2aa082f0-c6a7-4422-9b82-ebb69a7d9450.png?v=1742218687&width=1946,width=1946,image/png,2454,200,image/png,2503,image/webp,52,1500x1500,nu
https://www.alessandrodesign.ro/cdn/shop/files/WPSPhotos_1_30b3cd22-8a50-4970-95f0-51e368d8896d.png?v=1742223344&width=1946,width=1946,image/png,2444,200,image/png,2545,image/webp,84,1488x1488,nu
https://www.alessandrodesign.ro/cdn/shop/files/a1_e693b744-4b4c-4013-b938-0fcad639c9bb.png?v=1742218687&width=1946,width=1946,image/png,2442,200,image/png,2496,image/webp,53,1500x1500,nu
https://www.alessandrodesign.ro/cdn/shop/files/a4_c2fc91e6-cb6c-441f-97b7-59351f07bf86.png?v=1742218686&width=1445,width=1445,image/png,2439,200,image/png,2600,image/webp,50,1445x1445,nu
https://www.alessandrodesign.ro/cdn/shop/files/a5.png?v=1742218687&width=1445,width=1445,image/png,2392,200,image/png,2558,image/webp,44,1445x1445,nu
https://www.alessandrodesign.ro/cdn/shop/files/WPSPhotos_1_30b3cd22-8a50-4970-95f0-51e368d8896d.png?v=1742223344&width=1445,width=1445,image/png,2378,200,image/png,2478,image/webp,81,1445x1445,nu
https://www.alessandrodesign.ro/cdn/shop/files/af357c6d-beba-4e59-8bd2-b0bc378e4779.png?v=1742308685&width=1946,width=1946,image/png,2376,200,image/png,2624,image/webp,96,1946x1946,nu
https://www.alessandrodesign.ro/cdn/shop/files/a2_2aa082f0-c6a7-4422-9b82-ebb69a7d9450.png?v=1742218687&width=1445,width=1445,image/png,2307,200,image/png,2372,image/webp,40,1445x1445,nu
https://www.alessandrodesign.ro/cdn/shop/files/3_4c5b5c46-d2f0-4998-a296-6903fd6c11ce.png?v=1741678999&width=1445,width=1445,image/png,2306,200,image/png,2394,image/webp,36,1445x1445,nu
https://www.alessandrodesign.ro/cdn/shop/files/a1_e693b744-4b4c-4013-b938-0fcad639c9bb.png?v=1742218687&width=1445,width=1445,image/png,2301,200,image/png,2372,image/webp,48,1445x1445,nu
https://www.alessandrodesign.ro/cdn/shop/files/0aa50e61-324e-4599-8453-092f29795614.png?v=1742298761&width=1946,width=1946,image/png,2288,200,image/png,2357,image/webp,93,1380x1378,nu
https://www.alessandrodesign.ro/cdn/shop/files/0aa50e61-324e-4599-8453-092f29795614.png?v=1742298761&width=1445,width=1445,image/png,2288,200,image/png,2357,image/webp,93,1380x1378,nu
https://www.alessandrodesign.ro/cdn/shop/files/a3_661b4482-991b-4e73-8d56-bd8f226a5103.png?v=1742218686&width=1946,width=1946,image/png,2234,200,image/png,2302,image/webp,29,1500x1500,nu
https://www.alessandrodesign.ro/cdn/shop/files/a2_5f5fe145-9068-4f4d-adb6-4f07f57c3879.png?v=1741678764,original,image/png,2226,200,image/png,2289,image/webp,34,1500x1500,nu
https://www.alessandrodesign.ro/cdn/shop/files/a2_5f5fe145-9068-4f4d-adb6-4f07f57c3879.png?v=1741678764&width=1946,width=1946,image/png,2226,200,image/png,2289,image/webp,34,1500x1500,nu
https://www.alessandrodesign.ro/cdn/shop/files/a1_0ec8585a-cb57-42e7-b11d-c7c7dd96d3f0.png?v=1741678757,original,image/png,2224,200,image/png,2296,image/webp,31,1500x1500,nu
https://www.alessandrodesign.ro/cdn/shop/files/a1_0ec8585a-cb57-42e7-b11d-c7c7dd96d3f0.png?v=1741678757&width=3840,width=3840,image/png,2224,200,image/png,2296,image/webp,31,1500x1500,nu
https://www.alessandrodesign.ro/cdn/shop/files/a1_0ec8585a-cb57-42e7-b11d-c7c7dd96d3f0.png?v=1741678757&width=1946,width=1946,image/png,2224,200,image/png,2296,image/webp,31,1500x1500,nu
https://www.alessandrodesign.ro/cdn/shop/files/WPSPhotos_1.png?v=1741680023&width=1946,width=1946,image/png,2127,200,image/png,2130,image/webp,146,1946x1946,nu
https://www.alessandrodesign.ro/cdn/shop/files/a2_5f5fe145-9068-4f4d-adb6-4f07f57c3879.png?v=1741678764&width=1445,width=1445,image/png,2112,200,image/png,2191,image/webp,31,1445x1445,nu
https://www.alessandrodesign.ro/cdn/shop/files/2f87295b-4943-4d2c-89da-42d91a97096f.png?v=1742220371&width=1445,width=1445,image/png,2105,200,image/png,2212,image/webp,71,1304x1516,nu
https://www.alessandrodesign.ro/cdn/shop/files/2f87295b-4943-4d2c-89da-42d91a97096f.png?v=1742220371&width=1946,width=1946,image/png,2105,200,image/png,2212,image/webp,71,1304x1516,nu
https://www.alessandrodesign.ro/cdn/shop/files/a1_0ec8585a-cb57-42e7-b11d-c7c7dd96d3f0.png?v=1741678757&width=1445,width=1445,image/png,2100,200,image/png,2189,image/webp,31,1445x1445,nu
https://www.alessandrodesign.ro/cdn/shop/files/a3_661b4482-991b-4e73-8d56-bd8f226a5103.png?v=1742218686&width=1445,width=1445,image/png,2093,200,image/png,2171,image/webp,26,1445x1445,nu
https://www.alessandrodesign.ro/cdn/shop/files/a2_4cf3faf1-b3e5-4688-8135-d5aecc4b8a83.png?v=1741868410&width=1946,width=1946,image/png,2068,404,text/html; charset=utf-8,0,text/html; charset=utf-8,0,,nu
https://www.alessandrodesign.ro/cdn/shop/files/f1ffa963-61d0-4ae8-9732-43907fc0db3c.png?v=1741681420&width=1445,width=1445,image/png,2039,200,image/png,2147,image/webp,141,1445x1445,nu
https://www.alessandrodesign.ro/cdn/shop/files/WPSPhotos_1_3be71866-3b80-45cb-905f-6f3cb2dffd5e.png?v=1741680722&width=1445,width=1445,image/png,2007,200,image/png,2131,image/webp,75,1445x1445,nu
https://www.alessandrodesign.ro/cdn/shop/files/WPSPhotos_1_223d43f7-6d63-4577-afff-f1a157e548d1.png?v=1741680681&width=1445,width=1445,image/png,2007,200,image/png,2131,image/webp,75,1445x1445,nu
https://www.alessandrodesign.ro/cdn/shop/files/WPSPhotos_1_90579005-d223-41b9-ba05-ccfd54e02ad0.png?v=1741680746&width=1445,width=1445,image/png,2007,200,image/png,2131,image/webp,75,1445x1445,nu
https://www.alessandrodesign.ro/cdn/shop/files/ff7a3ab3-5d10-4c78-80ad-47e3ce50828c.png?v=1742916003&width=1445,width=1445,image/png,1908,200,image/png,2046,image/webp,52,1445x1445,nu
https://www.alessandrodesign.ro/cdn/shop/files/a1_517b0e5f-5d13-4631-9fd9-bbd37021f681.png?v=1742393065&width=1500,width=1500,image/png,1804,200,image/png,1922,image/webp,59,1500x1500,nu
https://www.alessandrodesign.ro/cdn/shop/files/f1ffa963-61d0-4ae8-9732-43907fc0db3c.png?v=1741681420&width=1946,width=1946,image/png,1751,200,image/png,1835,image/webp,152,1500x1500,nu
https://www.alessandrodesign.ro/cdn/shop/files/a3_8a38064d-b619-43fd-8680-0d0bfd72bab3.png?v=1741868410&width=1946,width=1946,image/png,1717,404,text/html; charset=utf-8,0,text/html; charset=utf-8,0,,nu
https://www.alessandrodesign.ro/cdn/shop/files/WPS_Photos_1_575d305c-8086-417b-b848-0c54f7743b5f.png?v=1741679772&width=1445,width=1445,image/png,1697,200,image/png,1801,image/webp,42,1445x1445,nu
https://www.alessandrodesign.ro/cdn/shop/files/a1_517b0e5f-5d13-4631-9fd9-bbd37021f681.png?v=1742393065&width=1445,width=1445,image/png,1690,200,image/png,1800,image/webp,57,1445x1445,nu
https://www.alessandrodesign.ro/cdn/shop/files/WPSPhotos_1_3be71866-3b80-45cb-905f-6f3cb2dffd5e.png?v=1741680722&width=1946,width=1946,image/png,1690,200,image/png,1800,image/webp,77,1500x1500,nu
https://www.alessandrodesign.ro/cdn/shop/files/WPSPhotos_1_223d43f7-6d63-4577-afff-f1a157e548d1.png?v=1741680681&width=1946,width=1946,image/png,1690,200,image/png,1800,image/webp,77,1500x1500,nu
https://www.alessandrodesign.ro/cdn/shop/files/WPSPhotos_1_90579005-d223-41b9-ba05-ccfd54e02ad0.png?v=1741680746&width=1946,width=1946,image/png,1690,200,image/png,1800,image/webp,77,1500x1500,nu
https://www.alessandrodesign.ro/cdn/shop/files/a2_b27f1dde-e33d-494b-939c-bf3a145d8ac5.png?v=1742198858&width=1445,width=1445,image/png,1662,200,image/png,1755,image/webp,65,1445x1445,nu
https://www.alessandrodesign.ro/cdn/shop/files/WPS_Photos_1_575d305c-8086-417b-b848-0c54f7743b5f.png?v=1741679772&width=1946,width=1946,image/png,1646,200,image/png,1749,image/webp,43,1500x1500,nu
https://www.alessandrodesign.ro/cdn/shop/files/d48677f1-f5a0-4f95-b9ca-7f6c6359aadc.png?v=1742392073&width=1445,width=1445,image/png,1624,200,image/png,1692,image/webp,92,1445x1445,nu
https://www.alessandrodesign.ro/cdn/shop/files/a2_b27f1dde-e33d-494b-939c-bf3a145d8ac5.png?v=1742198858&width=1946,width=1946,image/png,1623,200,image/png,1692,image/webp,87,1800x1800,nu
https://i.ibb.co/GFTQMdN/Mod-de-noapte-pentru-un-somn-lini-tit.png,extern,image/png,1588,200,image/png,1588,image/png,1588,1366x768,DA
https://www.alessandrodesign.ro/cdn/shop/files/a1_1305d349-1eff-458f-a695-d7702d5cce1d.png?v=1741861265&width=1445,width=1445,image/png,1570,200,image/png,1645,image/webp,86,1445x1445,nu
https://www.alessandrodesign.ro/cdn/shop/files/WPSPhotos_1_e698b608-3b17-4880-88ab-26c80016dfad.png?v=1741680979&width=1946,width=1946,image/png,1551,200,image/png,1531,image/webp,107,1500x1500,nu
https://www.alessandrodesign.ro/cdn/shop/files/WPSPhotos_1_e698b608-3b17-4880-88ab-26c80016dfad.png?v=1741680979&width=1445,width=1445,image/png,1539,200,image/png,1524,image/webp,101,1445x1445,nu
https://www.alessandrodesign.ro/cdn/shop/files/72d90f51-7cc7-41ca-920e-3f1d9e7c9d50.png?v=1742897572&width=1445,width=1445,image/png,1527,200,image/png,1612,image/webp,67,1445x1445,nu
https://www.alessandrodesign.ro/cdn/shop/files/a1_7a08aeaa-b81b-4972-a007-fc14b5e8ad34.png?v=1742311691&width=1445,width=1445,image/png,1506,200,image/png,1601,image/webp,58,1445x1445,nu
https://www.alessandrodesign.ro/cdn/shop/files/a1_685d9d35-2a30-4119-a2d2-fe44bac41ec1.png?v=1741888488&width=1445,width=1445,image/png,1474,200,image/png,1549,image/webp,77,1445x1445,nu
https://www.alessandrodesign.ro/cdn/shop/files/a1_1af28574-7104-4fc0-85e3-bfcef7e9b67a.png?v=1742300304&width=1445,width=1445,image/png,1462,200,image/png,1565,image/webp,56,1445x1445,nu
https://www.alessandrodesign.ro/cdn/shop/files/d48677f1-f5a0-4f95-b9ca-7f6c6359aadc.png?v=1742392073&width=1946,width=1946,image/png,1449,200,image/png,1502,image/webp,102,1587x1587,nu
https://www.alessandrodesign.ro/cdn/shop/files/a67f2fa1-293a-4a9f-99b9-bc541e6dd032_d5773012-423b-4854-867a-b523e8786db4.png?v=1742809891&width=1946,width=1946,image/png,1446,404,text/html; charset=utf-8,0,text/html; charset=utf-8,0,,nu
https://www.alessandrodesign.ro/cdn/shop/files/a67f2fa1-293a-4a9f-99b9-bc541e6dd032.png?v=1742805364&width=1946,width=1946,image/png,1446,200,image/png,1478,image/webp,151,1600x1600,nu
https://www.alessandrodesign.ro/cdn/shop/files/af357c6d-beba-4e59-8bd2-b0bc378e4779.png?v=1742308685&width=1445,width=1445,image/png,1439,200,image/png,1585,image/webp,67,1445x1445,nu
https://www.alessandrodesign.ro/cdn/shop/files/6e6946e3-66b4-47dc-a5f9-e061d2279500.png?v=1742903458&width=1500,width=1500,image/png,1426,200,image/png,1505,image/webp,61,1500x1500,nu
https://www.alessandrodesign.ro/cdn/shop/files/72d90f51-7cc7-41ca-920e-3f1d9e7c9d50.png?v=1742897572&width=2048,width=2048,image/png,1425,200,image/png,1483,image/webp,93,1800x1800,nu
https://www.alessandrodesign.ro/cdn/shop/files/72d90f51-7cc7-41ca-920e-3f1d9e7c9d50.png?v=1742897572,original,image/png,1425,200,image/png,1483,image/webp,93,1800x1800,nu
https://www.alessandrodesign.ro/cdn/shop/files/72d90f51-7cc7-41ca-920e-3f1d9e7c9d50.png?v=1742897572&width=1946,width=1946,image/png,1425,200,image/png,1483,image/webp,93,1800x1800,nu
https://i.ibb.co/R34jL8P/Iluminat-perfect-pentru-orice-activitate.png,extern,image/png,1388,200,image/png,1388,image/png,1388,1366x768,DA
https://www.alessandrodesign.ro/cdn/shop/files/6e6946e3-66b4-47dc-a5f9-e061d2279500.png?v=1742903458&width=1445,width=1445,image/png,1347,200,image/png,1422,image/webp,58,1445x1445,nu
https://www.alessandrodesign.ro/cdn/shop/files/a1_1af28574-7104-4fc0-85e3-bfcef7e9b67a.png?v=1742300304&width=1946,width=1946,image/png,1322,200,image/png,1407,image/webp,61,1600x1600,nu
https://www.alessandrodesign.ro/cdn/shop/files/a67f2fa1-293a-4a9f-99b9-bc541e6dd032.png?v=1742805364&width=1445,width=1445,image/png,1313,200,image/png,1347,image/webp,128,1445x1445,nu
https://www.alessandrodesign.ro/cdn/shop/files/a67f2fa1-293a-4a9f-99b9-bc541e6dd032_d5773012-423b-4854-867a-b523e8786db4.png?v=1742809891&width=1445,width=1445,image/png,1313,404,text/html; charset=utf-8,0,text/html; charset=utf-8,0,,nu
https://www.alessandrodesign.ro/cdn/shop/files/6e6946e3-66b4-47dc-a5f9-e061d2279500.png?v=1742903458&width=1946,width=1946,image/png,1269,200,image/png,1311,image/webp,79,1800x1800,nu
https://www.alessandrodesign.ro/cdn/shop/files/6e6946e3-66b4-47dc-a5f9-e061d2279500.png?v=1742903458&width=3840,width=3840,image/png,1269,200,image/png,1311,image/webp,79,1800x1800,nu
https://www.alessandrodesign.ro/cdn/shop/files/6e6946e3-66b4-47dc-a5f9-e061d2279500.png?v=1742903458&width=2048,width=2048,image/png,1269,200,image/png,1311,image/webp,79,1800x1800,nu
https://www.alessandrodesign.ro/cdn/shop/files/6e6946e3-66b4-47dc-a5f9-e061d2279500.png?v=1742903458,original,image/png,1269,200,image/png,1311,image/webp,79,1800x1800,nu
https://www.alessandrodesign.ro/cdn/shop/files/1cf474e9-8688-4aaf-9b27-ac56a04079fe_c21d9b06-0d6d-4376-80c8-6a8db77b5d33.png?v=1742221910&width=1946,width=1946,image/png,1258,200,image/png,1336,image/webp,30,1212x1116,nu
https://www.alessandrodesign.ro/cdn/shop/files/1cf474e9-8688-4aaf-9b27-ac56a04079fe_c21d9b06-0d6d-4376-80c8-6a8db77b5d33.png?v=1742221910&width=1445,width=1445,image/png,1258,200,image/png,1336,image/webp,30,1212x1116,nu
https://www.alessandrodesign.ro/cdn/shop/files/c2fa58d9-b53f-4e16-99d1-c0ecd42ee024.png?v=1741612200&width=1946,width=1946,image/png,1249,200,image/png,1284,image/webp,69,956x956,nu
https://www.alessandrodesign.ro/cdn/shop/files/c2fa58d9-b53f-4e16-99d1-c0ecd42ee024.png?v=1741612200&width=1445,width=1445,image/png,1249,200,image/png,1284,image/webp,69,956x956,nu
https://www.alessandrodesign.ro/cdn/shop/files/a1_7a08aeaa-b81b-4972-a007-fc14b5e8ad34.png?v=1742311691&width=1946,width=1946,image/png,1241,200,image/png,1325,image/webp,68,1600x1600,nu
https://www.alessandrodesign.ro/cdn/shop/files/WPSPhotos_1.png?v=1741680023&width=1445,width=1445,image/png,1231,200,image/png,1220,image/webp,98,1445x1445,nu
https://www.alessandrodesign.ro/cdn/shop/files/a1_685d9d35-2a30-4119-a2d2-fe44bac41ec1.png?v=1741888488&width=1946,width=1946,image/png,1198,200,image/png,1245,image/webp,91,1600x1600,nu
https://www.alessandrodesign.ro/cdn/shop/files/a2_4cf3faf1-b3e5-4688-8135-d5aecc4b8a83.png?v=1741868410&width=1445,width=1445,image/png,1187,404,text/html; charset=utf-8,0,text/html; charset=utf-8,0,,nu
https://www.alessandrodesign.ro/cdn/shop/files/Lustra_LED_MORNIKA_12W_lumina_Rece_Calda_Neutra_Alb-mockup2_1.png?v=1742225839&width=1946,width=1946,image/png,1165,200,image/png,1211,image/webp,98,1080x1080,nu
https://www.alessandrodesign.ro/cdn/shop/files/Lustra_LED_MORNIKA_12W_lumina_Rece_Calda_Neutra_Alb-mockup2_1.png?v=1742225839&width=1445,width=1445,image/png,1165,200,image/png,1211,image/webp,98,1080x1080,nu
https://www.alessandrodesign.ro/cdn/shop/files/4dc41980-618f-443a-8f26-71d3e51073a8.png?v=1742395451&width=1445,width=1445,image/png,1148,200,image/png,1213,image/webp,53,1445x1445,nu
https://www.alessandrodesign.ro/cdn/shop/files/b4b25579-5505-4463-bc97-eebf7a06fe66.png?v=1741771569&width=1946,width=1946,image/png,1104,200,image/png,1115,image/webp,75,1193x1193,nu
https://www.alessandrodesign.ro/cdn/shop/files/b4b25579-5505-4463-bc97-eebf7a06fe66.png?v=1741771569&width=2048,width=2048,image/png,1104,200,image/png,1115,image/webp,75,1193x1193,nu
https://www.alessandrodesign.ro/cdn/shop/files/b4b25579-5505-4463-bc97-eebf7a06fe66.png?v=1741771569,original,image/png,1104,200,image/png,1115,image/webp,75,1193x1193,nu
https://www.alessandrodesign.ro/cdn/shop/files/b4b25579-5505-4463-bc97-eebf7a06fe66.png?v=1741771569&width=1445,width=1445,image/png,1104,200,image/png,1115,image/webp,75,1193x1193,nu
https://www.alessandrodesign.ro/cdn/shop/files/1cf474e9-8688-4aaf-9b27-ac56a04079fe.png?v=1742221682&width=1445,width=1445,image/png,1087,200,image/png,1152,image/webp,28,1088x1036,nu
https://www.alessandrodesign.ro/cdn/shop/files/1cf474e9-8688-4aaf-9b27-ac56a04079fe.png?v=1742221682&width=1946,width=1946,image/png,1087,200,image/png,1152,image/webp,28,1088x1036,nu
https://www.alessandrodesign.ro/cdn/shop/files/4dc41980-618f-443a-8f26-71d3e51073a8.png?v=1742395451&width=1946,width=1946,image/png,1065,200,image/png,1114,image/webp,71,1800x1800,nu
https://www.alessandrodesign.ro/cdn/shop/files/fb8a0054-3f48-4591-ad32-c80a25d66ef8.png?v=1741855453&width=1445,width=1445,image/png,1038,200,image/png,1110,image/webp,38,1445x1445,nu
https://www.alessandrodesign.ro/cdn/shop/files/270532f8-7e77-40ab-8512-26ab649851d2.png?v=1741611768&width=1445,width=1445,image/png,1009,200,image/png,1032,image/webp,77,1235x1235,nu
https://www.alessandrodesign.ro/cdn/shop/files/270532f8-7e77-40ab-8512-26ab649851d2.png?v=1741611768&width=1946,width=1946,image/png,1009,200,image/png,1032,image/webp,77,1235x1235,nu
https://www.alessandrodesign.ro/cdn/shop/files/a3_8a38064d-b619-43fd-8680-0d0bfd72bab3.png?v=1741868410&width=1445,width=1445,image/png,997,404,text/html; charset=utf-8,0,text/html; charset=utf-8,0,,nu
https://www.alessandrodesign.ro/cdn/shop/files/dba0643e-8077-444d-bd39-838e573243cb.png?v=1742914830&width=1445,width=1445,image/png,973,200,image/png,1041,image/webp,31,1445x1445,nu
https://www.alessandrodesign.ro/cdn/shop/files/Lustra_LED_cu_Telecomanda_DAISY_5_Elemente_72W_Lumina_Rece_Calda_Neutra_Dimabila_Alb_cu_Cristal.png?v=1742213949,original,image/png,921,200,image/png,939,image/webp,68,1873x1352,nu
https://www.alessandrodesign.ro/cdn/shop/files/Lustra_LED_cu_Telecomanda_DAISY_5_Elemente_72W_Lumina_Rece_Calda_Neutra_Dimabila_Alb_cu_Cristal.png?v=1742213949&width=2048,width=2048,image/png,921,200,image/png,939,image/webp,68,1873x1352,nu
https://www.alessandrodesign.ro/cdn/shop/files/Lustra_LED_cu_Telecomanda_DAISY_5_Elemente_72W_Lumina_Rece_Calda_Neutra_Dimabila_Alb_cu_Cristal.png?v=1742213949&width=1946,width=1946,image/png,921,200,image/png,939,image/webp,68,1873x1352,nu
https://www.alessandrodesign.ro/cdn/shop/files/Camera.jpg?v=1741883759,original,image/jpeg,904,200,image/jpeg,904,image/webp,698,2436x2435,DA
https://www.alessandrodesign.ro/cdn/shop/files/Lustra_LED_cu_Telecomanda_DAISY_5_Elemente_72W_Lumina_Rece_Calda_Neutra_Dimabila_Alb_cu_Cristal.png?v=1742213949&width=1445,width=1445,image/png,900,200,image/png,947,image/webp,39,1445x1043,nu
https://www.alessandrodesign.ro/cdn/shop/files/LustraLEDcutelecomandaAMI_50W_3Inimi_luminaRece_Calda_Neutra_Dimabila_Alb.png?v=1742219589&width=1445,width=1445,image/png,889,200,image/png,924,image/webp,56,1024x1024,nu
https://www.alessandrodesign.ro/cdn/shop/files/LustraLEDcutelecomandaAMI_50W_3Inimi_luminaRece_Calda_Neutra_Dimabila_Alb.png?v=1742219589&width=1946,width=1946,image/png,889,200,image/png,924,image/webp,56,1024x1024,nu
https://www.alessandrodesign.ro/cdn/shop/files/LustraLEDcutelecomandaAMI_50W_3Inimi_luminaRece_Calda_Neutra_Dimabila_Alb_2.png?v=1742219588&width=1946,width=1946,image/png,865,200,image/png,916,image/webp,44,1024x1024,nu
https://www.alessandrodesign.ro/cdn/shop/files/LustraLEDcutelecomandaAMI_50W_3Inimi_luminaRece_Calda_Neutra_Dimabila_Alb_2.png?v=1742219588&width=1445,width=1445,image/png,865,200,image/png,916,image/webp,44,1024x1024,nu
https://www.alessandrodesign.ro/cdn/shop/files/WPS_Photos_1.png?v=1741679369&width=1946,width=1946,image/png,832,200,image/png,885,image/webp,23,984x864,nu
https://www.alessandrodesign.ro/cdn/shop/files/WPS_Photos_1.png?v=1741679369&width=1445,width=1445,image/png,832,200,image/png,885,image/webp,23,984x864,nu
https://www.alessandrodesign.ro/cdn/shop/files/WPSPhotos_1_f79149e7-2f99-4f87-905b-d9ce162248b9.png?v=1742219996&width=1445,width=1445,image/png,831,200,image/png,865,image/webp,36,850x760,nu
https://www.alessandrodesign.ro/cdn/shop/files/WPSPhotos_1_f79149e7-2f99-4f87-905b-d9ce162248b9.png?v=1742219996&width=1946,width=1946,image/png,831,200,image/png,865,image/webp,36,850x760,nu
https://www.alessandrodesign.ro/cdn/shop/files/dba0643e-8077-444d-bd39-838e573243cb.png?v=1742914830&width=1946,width=1946,image/png,802,200,image/png,854,image/webp,45,1800x1800,nu
https://www.alessandrodesign.ro/cdn/shop/files/62a5589b-3195-4f8f-b265-58fdfdfbf4ee.png?v=1741785325&width=1946,width=1946,image/png,801,200,image/png,835,image/webp,41,1417x1417,nu
https://www.alessandrodesign.ro/cdn/shop/files/62a5589b-3195-4f8f-b265-58fdfdfbf4ee.png?v=1741785325&width=1445,width=1445,image/png,801,200,image/png,835,image/webp,41,1417x1417,nu
https://cdn.shopify.com/s/files/1/0782/5175/3739/files/Screenshot_2025-03-15_at_15.57.59.png?v=1742047101,original,image/png,769,200,image/png,793,image/webp,54,2302x1002,nu
https://www.alessandrodesign.ro/cdn/shop/files/Screenshot_2025-03-17_at_22.53.07.png?v=1742244813&width=1946,width=1946,image/png,736,200,image/png,750,image/webp,182,1416x2018,nu
https://www.alessandrodesign.ro/cdn/shop/files/Screenshot_2025-03-17_at_22.53.07.png?v=1742244813&width=1445,width=1445,image/png,736,200,image/png,750,image/webp,182,1416x2018,nu
https://www.alessandrodesign.ro/cdn/shop/files/a2_b302196a-83b0-40bd-bea1-13da4fd952c2.png?v=1742300304&width=1445,width=1445,image/png,717,200,image/png,739,image/webp,24,1445x1445,nu
https://www.alessandrodesign.ro/cdn/shop/files/fb8a0054-3f48-4591-ad32-c80a25d66ef8.png?v=1741855453&width=1946,width=1946,image/png,690,200,image/png,727,image/webp,44,1600x1600,nu
https://www.alessandrodesign.ro/cdn/shop/files/Camera.jpg?v=1741883759&width=2048,width=2048,image/jpeg,643,200,image/jpeg,643,image/webp,542,2048x2047,DA
https://www.alessandrodesign.ro/cdn/shop/files/Lustra_LED_MORNIKA_12W_lumina_Rece_Calda_Neutra_Alb-mockup3.png?v=1742225839&width=1445,width=1445,image/png,602,200,image/png,632,image/webp,40,1080x1080,nu
https://www.alessandrodesign.ro/cdn/shop/files/Lustra_LED_MORNIKA_12W_lumina_Rece_Calda_Neutra_Alb-mockup3.png?v=1742225839&width=1946,width=1946,image/png,602,200,image/png,632,image/webp,40,1080x1080,nu
https://i.ibb.co/gvbtDcy/3-imagini-maree.png,extern,image/png,592,200,image/png,592,image/png,592,1366x500,DA
https://www.alessandrodesign.ro/cdn/shop/files/Camera.jpg?v=1741883759&width=1946,width=1946,image/jpeg,591,200,image/jpeg,591,image/webp,521,1946x1945,DA
https://www.alessandrodesign.ro/cdn/shop/files/c7cbbbb7-5194-49b9-ad27-9c9dccf48022.png?v=1741173297,original,image/png,586,200,image/png,602,image/webp,34,1426x1426,nu
https://www.alessandrodesign.ro/cdn/shop/files/c7cbbbb7-5194-49b9-ad27-9c9dccf48022.png?v=1741173297&width=2048,width=2048,image/png,586,200,image/png,602,image/webp,34,1426x1426,nu
https://www.alessandrodesign.ro/cdn/shop/files/c7cbbbb7-5194-49b9-ad27-9c9dccf48022.png?v=1741173297&width=1946,width=1946,image/png,586,200,image/png,602,image/webp,34,1426x1426,nu
https://www.alessandrodesign.ro/cdn/shop/files/c7cbbbb7-5194-49b9-ad27-9c9dccf48022.png?v=1741173297&width=1445,width=1445,image/png,586,200,image/png,602,image/webp,34,1426x1426,nu
https://cdn.shopify.com/s/files/1/0782/5175/3739/files/Screenshot_2025-03-14_at_18.56.38.png?v=1741971429,original,image/png,570,404,text/html; charset=utf-8,0,text/html; charset=utf-8,0,,nu
https://cdn.shopify.com/s/files/1/0782/5175/3739/files/BANNER_LANDING_a61f486a-9ffa-42e5-8c02-53d09f4bd379.png?v=1740740700&width=2048,width=2048,image/png,558,200,image/png,563,image/webp,141,1920x556,nu
https://www.alessandrodesign.ro/cdn/shop/files/c7cbbbb7-5194-49b9-ad27-9c9dccf48022_78e46d19-2368-4be6-98bc-da285abf04cd.png?v=1741173492&width=1946,width=1946,image/png,540,200,image/png,559,image/webp,33,1426x1426,nu
https://www.alessandrodesign.ro/cdn/shop/files/c7cbbbb7-5194-49b9-ad27-9c9dccf48022_78e46d19-2368-4be6-98bc-da285abf04cd.png?v=1741173492&width=2048,width=2048,image/png,540,200,image/png,559,image/webp,33,1426x1426,nu
https://www.alessandrodesign.ro/cdn/shop/files/c7cbbbb7-5194-49b9-ad27-9c9dccf48022_78e46d19-2368-4be6-98bc-da285abf04cd.png?v=1741173492,original,image/png,540,200,image/png,559,image/webp,33,1426x1426,nu
https://www.alessandrodesign.ro/cdn/shop/files/c7cbbbb7-5194-49b9-ad27-9c9dccf48022_78e46d19-2368-4be6-98bc-da285abf04cd.png?v=1741173492&width=1445,width=1445,image/png,540,200,image/png,559,image/webp,33,1426x1426,nu
https://www.alessandrodesign.ro/cdn/shop/files/metal-warehouse.jpg?v=1741134602&width=1500,width=1500,image/jpeg,534,200,image/jpeg,534,image/webp,351,1500x1000,DA
https://www.alessandrodesign.ro/cdn/shop/collections/super-oferta.png?v=1739985613&width=1500,width=1500,image/png,530,404,text/html; charset=utf-8,0,text/html; charset=utf-8,0,,nu
https://www.alessandrodesign.ro/cdn/shop/files/a2_b302196a-83b0-40bd-bea1-13da4fd952c2.png?v=1742300304&width=1946,width=1946,image/png,520,200,image/png,538,image/webp,26,1600x1600,nu
https://www.alessandrodesign.ro/cdn/shop/files/791b4ddc-aa6b-4ebc-ba71-7ff28d538c59.png?v=1741963690&width=1946,width=1946,image/png,503,200,image/png,533,image/webp,32,1249x1249,nu
https://www.alessandrodesign.ro/cdn/shop/files/791b4ddc-aa6b-4ebc-ba71-7ff28d538c59.png?v=1741963690&width=1445,width=1445,image/png,503,200,image/png,533,image/webp,32,1249x1249,nu
https://www.alessandrodesign.ro/cdn/shop/files/f834bb76-81d9-4e44-a7e7-8d7201ba7259.png?v=1741609718&width=533,width=533,image/png,494,200,image/png,511,image/webp,75,533x533,nu
https://cdn.shopify.com/s/files/1/0782/5175/3739/files/BANNER_COLLECTION_27c032b7-43af-4123-846e-fe3b0b8dcd1c.png?v=1740826953,original,image/png,487,200,image/png,506,image/webp,38,2328x398,nu
https://www.alessandrodesign.ro/cdn/shop/files/Lustra_LED_NOOR_50W_lumina_Rece_Calda_Neutra_Alb-mockup.jpg?v=1742229929&width=1946,width=1946,image/jpeg,472,404,text/html; charset=utf-8,0,text/html; charset=utf-8,0,,nu
https://www.alessandrodesign.ro/cdn/shop/files/cfff03bb-19a2-4241-8b93-616f2a284450.png?v=1742916003&width=1445,width=1445,image/png,467,200,image/png,486,image/webp,31,1426x1426,nu
https://www.alessandrodesign.ro/cdn/shop/files/cfff03bb-19a2-4241-8b93-616f2a284450.png?v=1742916003&width=1946,width=1946,image/png,467,200,image/png,486,image/webp,31,1426x1426,nu
https://www.alessandrodesign.ro/cdn/shop/files/a1_fcf0d8e2-0900-4c2a-b9b3-194cfc79c3a6.png?v=1741868409&width=1946,width=1946,image/png,462,404,text/html; charset=utf-8,0,text/html; charset=utf-8,0,,nu
https://www.alessandrodesign.ro/cdn/shop/files/c2fa58d9-b53f-4e16-99d1-c0ecd42ee024.png?v=1741612200&width=533,width=533,image/png,431,200,image/png,434,image/webp,41,533x533,nu
https://www.alessandrodesign.ro/cdn/shop/files/8d1ac828-e333-4261-8ba1-d01451ff399f.png?v=1742372166&width=533,width=533,image/png,424,200,image/png,428,image/webp,49,533x533,nu
https://www.alessandrodesign.ro/cdn/shop/files/931629d1-83cb-44d1-9ede-4fb8ca0c9b25.png?v=1741681432&width=533,width=533,image/png,411,200,image/png,412,image/webp,40,478x500,nu
https://www.alessandrodesign.ro/cdn/shop/files/931629d1-83cb-44d1-9ede-4fb8ca0c9b25.png?v=1741681432&width=1946,width=1946,image/png,411,200,image/png,412,image/webp,40,478x500,nu
https://www.alessandrodesign.ro/cdn/shop/files/931629d1-83cb-44d1-9ede-4fb8ca0c9b25.png?v=1741681432&width=1445,width=1445,image/png,411,200,image/png,412,image/webp,40,478x500,nu
https://www.alessandrodesign.ro/cdn/shop/files/Untitled-1.png?v=1741961633&width=1946,width=1946,image/png,408,200,image/png,420,image/webp,35,1500x1500,nu
https://i.ibb.co/kHpCZt4/IP20-ideal-interior.png,extern,image/png,405,200,image/png,405,image/png,405,1366x768,DA
https://www.alessandrodesign.ro/cdn/shop/files/Untitled-1.png?v=1741961633&width=1445,width=1445,image/png,399,200,image/png,412,image/webp,34,1445x1445,nu
https://www.alessandrodesign.ro/cdn/shop/files/Lustra_LED_MORNIKA_12W_lumina_Rece_Calda_Neutra_Alb-mockup2_1.png?v=1742225839&width=533,width=533,image/png,387,200,image/png,399,image/webp,34,533x533,nu
https://www.alessandrodesign.ro/cdn/shop/files/2f87295b-4943-4d2c-89da-42d91a97096f.png?v=1742220371&width=533,width=533,image/png,385,200,image/png,402,image/webp,25,533x620,nu
https://i.ibb.co/St4svsW/banner-telecomanda.png,extern,image/png,379,200,image/png,379,image/png,379,1366x768,DA
https://www.alessandrodesign.ro/cdn/shop/files/WPSPhotos_1_90579005-d223-41b9-ba05-ccfd54e02ad0.png?v=1741680746&width=533,width=533,image/png,366,200,image/png,379,image/webp,28,533x533,nu
https://www.alessandrodesign.ro/cdn/shop/files/WPSPhotos_1_3be71866-3b80-45cb-905f-6f3cb2dffd5e.png?v=1741680722&width=533,width=533,image/png,366,200,image/png,379,image/webp,28,533x533,nu
https://www.alessandrodesign.ro/cdn/shop/files/WPSPhotos_1_223d43f7-6d63-4577-afff-f1a157e548d1.png?v=1741680681&width=533,width=533,image/png,366,200,image/png,379,image/webp,28,533x533,nu
https://www.alessandrodesign.ro/cdn/shop/files/f1ffa963-61d0-4ae8-9732-43907fc0db3c.png?v=1741681420&width=533,width=533,image/png,366,200,image/png,381,image/webp,42,533x533,nu
https://www.alessandrodesign.ro/cdn/shop/files/WPS_Photos_1_04e5d7fc-092c-40f6-9ee1-2b0c821fbd02.png?v=1742220537&width=1946,width=1946,image/png,346,200,image/png,349,image/webp,22,742x706,nu
https://www.alessandrodesign.ro/cdn/shop/files/WPS_Photos_1_04e5d7fc-092c-40f6-9ee1-2b0c821fbd02.png?v=1742220537&width=1445,width=1445,image/png,346,200,image/png,349,image/webp,22,742x706,nu
https://www.alessandrodesign.ro/cdn/shop/files/b4b25579-5505-4463-bc97-eebf7a06fe66.png?v=1741771569&width=533,width=533,image/png,344,200,image/png,342,image/webp,35,533x533,nu
https://www.alessandrodesign.ro/cdn/shop/files/0aa50e61-324e-4599-8453-092f29795614.png?v=1742298761&width=533,width=533,image/png,342,200,image/png,351,image/webp,29,533x532,nu
https://www.alessandrodesign.ro/cdn/shop/files/WPSPhotos_1_30b3cd22-8a50-4970-95f0-51e368d8896d.png?v=1742223344&width=533,width=533,image/png,339,200,image/png,346,image/webp,22,533x533,nu
https://www.alessandrodesign.ro/cdn/shop/files/Camera.jpg?v=1741883759&width=1445,width=1445,image/jpeg,338,200,image/jpeg,338,image/webp,306,1445x1444,DA
https://www.alessandrodesign.ro/cdn/shop/files/WPSPhotos_1_f79149e7-2f99-4f87-905b-d9ce162248b9.png?v=1742219996&width=533,width=533,image/png,332,200,image/png,348,image/webp,22,533x477,nu
https://www.alessandrodesign.ro/cdn/shop/files/WPS_Photos_1_b45a1583-8007-44d5-a29f-10546c8c6ddc.png?v=1742223510&width=1445,width=1445,image/png,325,200,image/png,334,image/webp,38,598x554,nu
https://www.alessandrodesign.ro/cdn/shop/files/WPS_Photos_1_b45a1583-8007-44d5-a29f-10546c8c6ddc.png?v=1742223510&width=1946,width=1946,image/png,325,200,image/png,334,image/webp,38,598x554,nu
https://www.alessandrodesign.ro/cdn/shop/files/931629d1-83cb-44d1-9ede-4fb8ca0c9b25.png?v=1741681432&width=416,width=416,image/png,321,200,image/png,322,image/webp,33,416x435,nu
https://www.alessandrodesign.ro/cdn/shop/files/LustraLEDcutelecomandaAMI_50W_3Inimi_luminaRece_Calda_Neutra_Dimabila_Alb_2.png?v=1742219588&width=533,width=533,image/png,320,200,image/png,338,image/webp,24,533x533,nu
https://www.alessandrodesign.ro/cdn/shop/files/candelabru-cristal-exodus-auriu-1718177380_1__Nero_AI_Image_Upscaler_Photo_Face_1.webp?v=1741613790&width=1946,width=1946,image/jpeg,317,200,image/jpeg,317,image/webp,255,1946x1946,DA
https://www.alessandrodesign.ro/cdn/shop/files/f834bb76-81d9-4e44-a7e7-8d7201ba7259.png?v=1741609718&width=416,width=416,image/png,316,200,image/png,325,image/webp,53,416x416,nu
https://www.alessandrodesign.ro/cdn/shop/files/Lustra_LED_MORNIKA_12W_lumina_Rece_Calda_Neutra_Alb-Mockup.jpg?v=1742225839&width=1946,width=1946,image/jpeg,314,200,image/jpeg,314,image/webp,195,1946x1946,nu
https://www.alessandrodesign.ro/cdn/shop/files/d48677f1-f5a0-4f95-b9ca-7f6c6359aadc.png?v=1742392073&width=533,width=533,image/png,310,200,image/png,319,image/webp,31,533x533,nu
https://www.alessandrodesign.ro/cdn/shop/files/270532f8-7e77-40ab-8512-26ab649851d2.png?v=1741611768&width=533,width=533,image/png,307,200,image/png,315,image/webp,32,533x533,nu
https://www.alessandrodesign.ro/cdn/shop/files/WPS_Photos_1_b45a1583-8007-44d5-a29f-10546c8c6ddc.png?v=1742223510&width=533,width=533,image/png,307,200,image/png,314,image/webp,33,533x494,nu
https://cdn.shopify.com/s/files/1/0782/5175/3739/files/cosul_tau_100.png?v=1741069645,original,image/png,299,200,image/png,304,image/webp,41,1200x479,nu
https://www.alessandrodesign.ro/cdn/shop/files/a1_1305d349-1eff-458f-a695-d7702d5cce1d.png?v=1741861265&width=533,width=533,image/png,294,200,image/png,303,image/webp,28,533x533,nu
https://cdn.shopify.com/s/files/1/0782/5175/3739/files/SHVULC.webp?v=1738313591&width=2048,width=2048,image/jpeg,294,200,image/jpeg,294,image/webp,185,2000x1500,nu
https://www.alessandrodesign.ro/cdn/shop/files/Lustra_LED_NOOR_50W_lumina_Rece_Calda_Neutra_Alb-mockup.jpg?v=1742229929&width=1445,width=1445,image/jpeg,291,404,text/html; charset=utf-8,0,text/html; charset=utf-8,0,,nu
https://www.alessandrodesign.ro/cdn/shop/files/a2_b27f1dde-e33d-494b-939c-bf3a145d8ac5.png?v=1742198858&width=533,width=533,image/png,287,200,image/png,300,image/webp,20,533x533,nu
https://cdn.shopify.com/s/files/1/0782/5175/3739/files/SHVOL.webp?v=1738313570&width=2048,width=2048,image/jpeg,286,200,image/jpeg,286,image/webp,220,2000x1500,DA
https://www.alessandrodesign.ro/cdn/shop/files/a1_685d9d35-2a30-4119-a2d2-fe44bac41ec1.png?v=1741888488&width=533,width=533,image/png,285,200,image/png,296,image/webp,26,533x533,nu
https://www.alessandrodesign.ro/upload/userfiles/images/DEZABURIRE.jpg,extern,image/jpeg,283,404,text/html; charset=utf-8,0,text/html; charset=utf-8,0,,nu
https://www.alessandrodesign.ro/cdn/shop/files/c2fa58d9-b53f-4e16-99d1-c0ecd42ee024.png?v=1741612200&width=416,width=416,image/png,282,200,image/png,280,image/webp,32,416x416,nu
https://www.alessandrodesign.ro/cdn/shop/files/a1_517b0e5f-5d13-4631-9fd9-bbd37021f681.png?v=1742393065&width=533,width=533,image/png,280,200,image/png,295,image/webp,18,533x533,nu
https://www.alessandrodesign.ro/cdn/shop/files/a1_1af28574-7104-4fc0-85e3-bfcef7e9b67a.png?v=1742300304&width=533,width=533,image/png,275,200,image/png,291,image/webp,19,533x533,nu
https://www.alessandrodesign.ro/cdn/shop/files/a2_0bbb19c5-a24a-4a55-a3ed-3ac65bcd1268.png?v=1742395867&width=2048,width=2048,image/png,275,200,image/png,289,image/webp,16,800x800,nu
https://www.alessandrodesign.ro/cdn/shop/files/a2_0bbb19c5-a24a-4a55-a3ed-3ac65bcd1268.png?v=1742395867,original,image/png,275,200,image/png,289,image/webp,16,800x800,nu
https://www.alessandrodesign.ro/cdn/shop/files/a2_0bbb19c5-a24a-4a55-a3ed-3ac65bcd1268.png?v=1742395867&width=1946,width=1946,image/png,275,200,image/png,289,image/webp,16,800x800,nu
https://www.alessandrodesign.ro/cdn/shop/files/a2_0bbb19c5-a24a-4a55-a3ed-3ac65bcd1268.png?v=1742395867&width=1445,width=1445,image/png,275,200,image/png,289,image/webp,16,800x800,nu
https://www.alessandrodesign.ro/cdn/shop/files/a3-1732711560.webp?v=1740446316&width=1946,width=1946,image/jpeg,272,200,image/jpeg,272,image/webp,156,1024x1024,nu
https://www.alessandrodesign.ro/cdn/shop/files/a3-1732711560.webp?v=1740446316&width=1445,width=1445,image/jpeg,272,200,image/jpeg,272,image/webp,156,1024x1024,nu
https://www.alessandrodesign.ro/cdn/shop/files/a3-1732711609.webp?v=1740447681&width=1946,width=1946,image/jpeg,272,200,image/jpeg,272,image/webp,156,1024x1024,nu
https://www.alessandrodesign.ro/cdn/shop/files/a3-1732711609.webp?v=1740447681&width=1445,width=1445,image/jpeg,272,200,image/jpeg,272,image/webp,156,1024x1024,nu
https://www.alessandrodesign.ro/cdn/shop/files/panou-artificial-100x100cm-verde_pv06-100x100_02-1686045743.webp?v=1740438854&width=1445,width=1445,image/jpeg,271,200,image/jpeg,271,image/webp,189,900x900,nu
https://www.alessandrodesign.ro/cdn/shop/files/panou-artificial-100x100cm-verde_pv06-100x100_02-1686045743.webp?v=1740438854&width=1946,width=1946,image/jpeg,271,200,image/jpeg,271,image/webp,189,900x900,nu
https://cdn.shopify.com/s/files/1/0782/5175/3739/files/SS2_500x.png?v=1738316017,original,image/png,269,200,image/png,272,image/webp,33,500x340,nu
https://www.alessandrodesign.ro/cdn/shop/files/candelabru-cristal-selim-14x-e14-auriu_CC2085AU_04.webp?v=1740436292&width=1445,width=1445,image/jpeg,268,200,image/jpeg,268,image/webp,200,900x900,nu
https://www.alessandrodesign.ro/cdn/shop/files/candelabru-cristal-selim-14x-e14-auriu_CC2085AU_04.webp?v=1740436292&width=1946,width=1946,image/jpeg,268,200,image/jpeg,268,image/webp,200,900x900,nu
https://www.alessandrodesign.ro/cdn/shop/files/candelabru-cristal-kassian-11x-e14-auriu_CC2065AU_03.webp?v=1740436162&width=1946,width=1946,image/jpeg,268,200,image/jpeg,268,image/webp,224,900x900,DA
https://www.alessandrodesign.ro/cdn/shop/files/candelabru-cristal-kassian-11x-e14-auriu_CC2065AU_03.webp?v=1740436162&width=1445,width=1445,image/jpeg,268,200,image/jpeg,268,image/webp,224,900x900,DA
https://www.alessandrodesign.ro/cdn/shop/files/1cf474e9-8688-4aaf-9b27-ac56a04079fe.png?v=1742221682&width=533,width=533,image/png,267,200,image/png,281,image/webp,13,533x508,nu
https://www.alessandrodesign.ro/cdn/shop/files/a2-1732632558.webp?v=1740446322&width=1445,width=1445,image/jpeg,266,200,image/jpeg,266,image/webp,150,1024x1024,nu
https://www.alessandrodesign.ro/cdn/shop/files/a2-1732632558.webp?v=1740446322&width=1946,width=1946,image/jpeg,266,200,image/jpeg,266,image/webp,150,1024x1024,nu
https://www.alessandrodesign.ro/cdn/shop/files/panou-artificial-100x100cm-verde-1686045741.webp?v=1740438855&width=1445,width=1445,image/jpeg,265,200,image/jpeg,265,image/webp,171,900x900,nu
https://www.alessandrodesign.ro/cdn/shop/files/panou-artificial-100x100cm-verde-1686045741.webp?v=1740438855&width=1946,width=1946,image/jpeg,265,200,image/jpeg,265,image/webp,171,900x900,nu
https://www.alessandrodesign.ro/cdn/shop/files/a1_fcf0d8e2-0900-4c2a-b9b3-194cfc79c3a6.png?v=1741868409&width=1445,width=1445,image/png,264,404,text/html; charset=utf-8,0,text/html; charset=utf-8,0,,nu
https://www.alessandrodesign.ro/cdn/shop/files/8d1ac828-e333-4261-8ba1-d01451ff399f.png?v=1742372166&width=416,width=416,image/png,263,200,image/png,264,image/webp,34,416x416,nu
https://www.alessandrodesign.ro/cdn/shop/files/a2_2aa082f0-c6a7-4422-9b82-ebb69a7d9450.png?v=1742218687&width=533,width=533,image/png,261,200,image/png,276,image/webp,9,533x533,nu
https://www.alessandrodesign.ro/cdn/shop/files/LustraLEDMITA_28W_luminaRece_Calda_Neutra_Alb-2.jpg?v=1742223336&width=1946,width=1946,image/jpeg,260,200,image/jpeg,260,image/webp,203,1946x1946,DA
https://www.alessandrodesign.ro/cdn/shop/files/aplica-led-cristal-betina-32w-argintiu_AP2162AG_02.webp?v=1740436360&width=1946,width=1946,image/jpeg,259,404,text/html; charset=utf-8,0,text/html; charset=utf-8,0,,nu
https://www.alessandrodesign.ro/cdn/shop/files/aplica-led-cristal-betina-32w-argintiu_AP2162AG_02.webp?v=1740436360&width=1445,width=1445,image/jpeg,259,404,text/html; charset=utf-8,0,text/html; charset=utf-8,0,,nu
https://www.alessandrodesign.ro/cdn/shop/files/a5.png?v=1742218687&width=533,width=533,image/png,258,200,image/png,281,image/webp,13,533x533,nu
https://www.alessandrodesign.ro/cdn/shop/files/a1_e693b744-4b4c-4013-b938-0fcad639c9bb.png?v=1742218687&width=533,width=533,image/png,258,200,image/png,268,image/webp,14,533x533,nu
https://cdn.shopify.com/s/files/1/0782/5175/3739/files/SS1_500x.png?v=1738315002,original,image/png,256,200,image/png,263,image/webp,33,500x340,nu
https://www.alessandrodesign.ro/cdn/shop/files/ff7a3ab3-5d10-4c78-80ad-47e3ce50828c.png?v=1742916003&width=533,width=533,image/png,256,200,image/png,270,image/webp,20,533x533,nu
https://www.alessandrodesign.ro/cdn/shop/files/set-3-covorase-de-baie-50x40-cm-verde-antiderapant_3P012_04.webp?v=1740394054&width=1946,width=1946,image/jpeg,255,200,image/jpeg,255,image/webp,201,900x900,DA
https://www.alessandrodesign.ro/cdn/shop/files/set-3-covorase-de-baie-50x40-cm-verde-antiderapant_3P012_04.webp?v=1740394054&width=1445,width=1445,image/jpeg,255,200,image/jpeg,255,image/webp,201,900x900,DA
https://www.alessandrodesign.ro/cdn/shop/files/6e6946e3-66b4-47dc-a5f9-e061d2279500.png?v=1742903458&width=533,width=533,image/png,255,200,image/png,266,image/webp,20,533x533,nu
https://www.alessandrodesign.ro/cdn/shop/files/WPSPhotos_1_e698b608-3b17-4880-88ab-26c80016dfad.png?v=1741680979&width=533,width=533,image/png,255,200,image/png,240,image/webp,29,533x533,nu
https://www.alessandrodesign.ro/cdn/shop/files/panou-artificial-50x50cm-verde_pv07-50x50_02-1686046080.webp?v=1740438861&width=1946,width=1946,image/jpeg,254,200,image/jpeg,309,image/webp,146,1080x1080,nu
https://www.alessandrodesign.ro/cdn/shop/files/panou-artificial-50x50cm-verde_pv07-50x50_02-1686046080.webp?v=1740438861&width=1445,width=1445,image/jpeg,254,200,image/jpeg,309,image/webp,146,1080x1080,nu
https://www.alessandrodesign.ro/cdn/shop/files/candelabru-cristal-soner-4x-e27-auriu_CC1999AU_03.webp?v=1740422782&width=1946,width=1946,image/jpeg,252,200,image/jpeg,252,image/webp,209,900x900,DA
https://www.alessandrodesign.ro/cdn/shop/files/candelabru-cristal-soner-4x-e27-auriu_CC1999AU_03.webp?v=1740422782&width=1445,width=1445,image/jpeg,252,200,image/jpeg,252,image/webp,209,900x900,DA
https://www.alessandrodesign.ro/cdn/shop/files/a4_1fd7180d-5771-4ce4-ba40-efe4b09752ec.png?v=1743073083&width=533,width=533,image/png,250,200,image/png,266,image/webp,12,533x533,nu
https://www.alessandrodesign.ro/cdn/shop/files/a1_18485c35-ce77-4ebc-9361-0235266f6011.png?v=1743078773&width=533,width=533,image/png,249,200,image/png,262,image/webp,20,533x533,nu
https://www.alessandrodesign.ro/cdn/shop/files/T161-3.jpg?v=1741859250&width=1946,width=1946,image/jpeg,248,200,image/jpeg,248,image/webp,168,1280x1280,nu
https://www.alessandrodesign.ro/cdn/shop/files/T161-3.jpg?v=1741859250&width=1445,width=1445,image/jpeg,248,200,image/jpeg,248,image/webp,168,1280x1280,nu
https://www.alessandrodesign.ro/cdn/shop/files/4dc41980-618f-443a-8f26-71d3e51073a8.png?v=1742395451&width=533,width=533,image/png,247,200,image/png,259,image/webp,19,533x533,nu
https://www.alessandrodesign.ro/cdn/shop/files/af357c6d-beba-4e59-8bd2-b0bc378e4779.png?v=1742308685&width=533,width=533,image/png,247,200,image/png,265,image/webp,20,533x533,nu
https://www.alessandrodesign.ro/cdn/shop/files/panou-artificial-50x50cm-verde-1686046078.webp?v=1740438861&width=1946,width=1946,image/jpeg,245,200,image/jpeg,245,image/webp,145,900x900,nu
https://www.alessandrodesign.ro/cdn/shop/files/panou-artificial-50x50cm-verde-1686046078.webp?v=1740438861&width=1445,width=1445,image/jpeg,245,200,image/jpeg,245,image/webp,145,900x900,nu
https://www.alessandrodesign.ro/cdn/shop/files/a1_7a08aeaa-b81b-4972-a007-fc14b5e8ad34.png?v=1742311691&width=533,width=533,image/png,245,200,image/png,259,image/webp,17,533x533,nu
https://www.alessandrodesign.ro/cdn/shop/files/candelabru-junnut-21xe27-cristal-metal-auriu_CC2037AU_05.webp?v=1742372166&width=1445,width=1445,image/jpeg,245,200,image/jpeg,245,image/webp,175,900x900,nu
https://www.alessandrodesign.ro/cdn/shop/files/candelabru-junnut-21xe27-cristal-metal-auriu_CC2037AU_05.webp?v=1742372166&width=1946,width=1946,image/jpeg,245,200,image/jpeg,245,image/webp,175,900x900,nu
https://www.alessandrodesign.ro/cdn/shop/files/tapet-vinil-lavabil-melisa-vinil-pe-suport-de-flizelin-106-m-x-1005m-5085_5085_01.webp?v=1740408335&width=1445,width=1445,image/jpeg,244,404,text/html; charset=utf-8,0,text/html; charset=utf-8,0,,nu
https://www.alessandrodesign.ro/cdn/shop/files/tapet-vinil-lavabil-melisa-vinil-pe-suport-de-flizelin-106-m-x-1005m-5085_5085_01.webp?v=1740408335&width=1946,width=1946,image/jpeg,244,404,text/html; charset=utf-8,0,text/html; charset=utf-8,0,,nu
https://www.alessandrodesign.ro/cdn/shop/files/1cf474e9-8688-4aaf-9b27-ac56a04079fe_c21d9b06-0d6d-4376-80c8-6a8db77b5d33.png?v=1742221910&width=533,width=533,image/png,243,200,image/png,257,image/webp,11,533x491,nu
https://www.alessandrodesign.ro/cdn/shop/files/tapet-arabia-albastru-1010_1010_01.webp?v=1740408053&width=1946,width=1946,image/jpeg,243,404,text/html; charset=utf-8,0,text/html; charset=utf-8,0,,nu
https://www.alessandrodesign.ro/cdn/shop/files/tapet-arabia-albastru-1010_1010_01.webp?v=1740408053&width=1445,width=1445,image/jpeg,243,404,text/html; charset=utf-8,0,text/html; charset=utf-8,0,,nu
https://www.alessandrodesign.ro/cdn/shop/files/a2_5f5fe145-9068-4f4d-adb6-4f07f57c3879.png?v=1741678764&width=533,width=533,image/png,242,200,image/png,255,image/webp,9,533x533,nu
https://www.alessandrodesign.ro/cdn/shop/files/1b-1718646954.webp?v=1740443145&width=1445,width=1445,image/jpeg,241,200,image/jpeg,235,image/webp,116,900x900,nu
https://www.alessandrodesign.ro/cdn/shop/files/1b-1718646954.webp?v=1740443145&width=1946,width=1946,image/jpeg,241,200,image/jpeg,235,image/webp,116,900x900,nu
https://www.alessandrodesign.ro/cdn/shop/files/Lustra_LED_MORNIKA_12W_lumina_Rece_Calda_Neutra_Alb-mockup2_1.png?v=1742225839&width=416,width=416,image/png,241,200,image/png,248,image/webp,23,416x416,nu
https://www.alessandrodesign.ro/cdn/shop/files/panou-artificial-50x50cm-verde_pv07-50x50_03-1686046082.webp?v=1740438861&width=1946,width=1946,image/jpeg,239,200,image/jpeg,239,image/webp,140,900x900,nu
https://www.alessandrodesign.ro/cdn/shop/files/panou-artificial-50x50cm-verde_pv07-50x50_03-1686046082.webp?v=1740438861&width=1445,width=1445,image/jpeg,239,200,image/jpeg,239,image/webp,140,900x900,nu
https://www.alessandrodesign.ro/cdn/shop/files/candelabru-junnut-21xe27-cristal-metal-auriu_CC2037AU_04.webp?v=1742372166&width=1946,width=1946,image/jpeg,239,200,image/jpeg,239,image/webp,148,900x900,nu
https://www.alessandrodesign.ro/cdn/shop/files/candelabru-junnut-21xe27-cristal-metal-auriu_CC2037AU_04.webp?v=1742372166&width=1445,width=1445,image/jpeg,239,200,image/jpeg,239,image/webp,148,900x900,nu
https://www.alessandrodesign.ro/cdn/shop/files/WPS_Photos_1.png?v=1741679369&width=533,width=533,image/png,239,200,image/png,254,image/webp,14,533x468,nu
https://www.alessandrodesign.ro/cdn/shop/files/WPS_Photos_1_575d305c-8086-417b-b848-0c54f7743b5f.png?v=1741679772&width=533,width=533,image/png,239,200,image/png,252,image/webp,15,533x533,nu
https://www.alessandrodesign.ro/cdn/shop/files/62a5589b-3195-4f8f-b265-58fdfdfbf4ee.png?v=1741785325&width=533,width=533,image/png,236,200,image/png,250,image/webp,16,533x533,nu
https://www.alessandrodesign.ro/cdn/shop/files/WPS_Photos_1_04e5d7fc-092c-40f6-9ee1-2b0c821fbd02.png?v=1742220537&width=533,width=533,image/png,236,200,image/png,240,image/webp,15,533x507,nu
https://www.alessandrodesign.ro/cdn/shop/files/a2_0bbb19c5-a24a-4a55-a3ed-3ac65bcd1268.png?v=1742395867&width=533,width=533,image/png,232,200,image/png,242,image/webp,12,533x533,nu
https://www.alessandrodesign.ro/cdn/shop/files/f1ffa963-61d0-4ae8-9732-43907fc0db3c.png?v=1741681420&width=416,width=416,image/png,231,200,image/png,241,image/webp,29,416x416,nu
https://www.alessandrodesign.ro/cdn/shop/files/H292ec247abbb486380b7cd4eca8e0e36C.webp?v=1742300577&width=533,width=533,image/png,230,404,text/html; charset=utf-8,0,text/html; charset=utf-8,0,,nu
https://www.alessandrodesign.ro/cdn/shop/files/set-10xtapet-3d-autoadeziv-maro-din-spuma-moale-80cmx70cmx6mm-model-litere-maro-deschis_3D-L_01.webp?v=1740416370&width=1445,width=1445,image/jpeg,230,200,image/jpeg,230,image/webp,177,900x900,nu
https://www.alessandrodesign.ro/cdn/shop/files/set-10xtapet-3d-autoadeziv-maro-din-spuma-moale-80cmx70cmx6mm-model-litere-maro-deschis_3D-L_01.webp?v=1740416370&width=1946,width=1946,image/jpeg,230,200,image/jpeg,230,image/webp,177,900x900,nu
https://www.alessandrodesign.ro/cdn/shop/files/b4b25579-5505-4463-bc97-eebf7a06fe66.png?v=1741771569&width=416,width=416,image/png,229,200,image/png,225,image/webp,28,416x416,nu
https://www.alessandrodesign.ro/cdn/shop/files/a1_0ec8585a-cb57-42e7-b11d-c7c7dd96d3f0.png?v=1741678757&width=533,width=533,image/png,229,200,image/png,241,image/webp,10,533x533,nu
https://www.alessandrodesign.ro/cdn/shop/files/a3_62ba8e51-a532-4e54-89f4-270eb25a3f93.png?v=1743073083&width=533,width=533,image/png,228,200,image/png,244,image/webp,9,533x533,nu
https://www.alessandrodesign.ro/cdn/shop/files/candelabru-cristal-luciano-6xe14-auriu-metal-cristal_CC555AU_03.webp?v=1740406440&width=1946,width=1946,image/jpeg,228,200,image/jpeg,228,image/webp,148,900x900,nu
https://www.alessandrodesign.ro/cdn/shop/files/candelabru-cristal-luciano-6xe14-auriu-metal-cristal_CC555AU_03.webp?v=1740406440&width=1445,width=1445,image/jpeg,228,200,image/jpeg,228,image/webp,148,900x900,nu
https://www.alessandrodesign.ro/cdn/shop/files/LustraLEDcutelecomandaAMI_50W_3Inimi_luminaRece_Calda_Neutra_Dimabila_Alb.png?v=1742219589&width=416,width=416,image/png,226,200,image/png,235,image/webp,23,416x416,nu
https://www.alessandrodesign.ro/cdn/shop/files/candelabru-junnut-21xe27-cristal-metal-auriu_CC2037AU_02.webp?v=1742372166&width=1445,width=1445,image/jpeg,226,200,image/jpeg,226,image/webp,137,900x900,nu
https://www.alessandrodesign.ro/cdn/shop/files/candelabru-junnut-21xe27-cristal-metal-auriu_CC2037AU_02.webp?v=1742372166&width=1946,width=1946,image/jpeg,226,200,image/jpeg,226,image/webp,137,900x900,nu
https://www.alessandrodesign.ro/upload/userfiles/images/SENZOR.jpg,extern,image/jpeg,225,404,text/html; charset=utf-8,0,text/html; charset=utf-8,0,,nu
https://www.alessandrodesign.ro/cdn/shop/files/candelabru-cristal-luciano-6xe14-auriu-metal-cristal_CC555AU_04.webp?v=1740406440&width=1445,width=1445,image/jpeg,225,200,image/jpeg,225,image/webp,142,900x900,nu
https://www.alessandrodesign.ro/cdn/shop/files/candelabru-cristal-luciano-6xe14-auriu-metal-cristal_CC555AU_04.webp?v=1740406440&width=1946,width=1946,image/jpeg,225,200,image/jpeg,225,image/webp,142,900x900,nu
https://www.alessandrodesign.ro/cdn/shop/files/41VY0J2V91L-1717571403715-1728917712_2__Nero_AI_Image_Upscaler_Photo_Face_1.webp?v=1741613371&width=1445,width=1445,image/jpeg,224,200,image/jpeg,224,image/webp,127,1156x1156,nu
https://www.alessandrodesign.ro/cdn/shop/files/41VY0J2V91L-1717571403715-1728917712_2__Nero_AI_Image_Upscaler_Photo_Face_1.webp?v=1741613371&width=1946,width=1946,image/jpeg,224,200,image/jpeg,224,image/webp,127,1156x1156,nu
https://www.alessandrodesign.ro/upload/userfiles/images/BUTON.jpg,extern,image/jpeg,224,404,text/html; charset=utf-8,0,text/html; charset=utf-8,0,,nu
https://www.alessandrodesign.ro/cdn/shop/files/a67f2fa1-293a-4a9f-99b9-bc541e6dd032_d5773012-423b-4854-867a-b523e8786db4.png?v=1742809891&width=533,width=533,image/png,221,404,text/html; charset=utf-8,0,text/html; charset=utf-8,0,,nu
https://www.alessandrodesign.ro/cdn/shop/files/a67f2fa1-293a-4a9f-99b9-bc541e6dd032.png?v=1742805364&width=533,width=533,image/png,221,200,image/png,223,image/webp,36,533x533,nu
https://www.alessandrodesign.ro/cdn/shop/files/candelabru-cristal-bamsi-10x-e27-auriu_CC2082AU_03.webp?v=1740436265&width=1946,width=1946,image/jpeg,220,200,image/jpeg,220,image/webp,122,900x900,nu
https://www.alessandrodesign.ro/cdn/shop/files/candelabru-cristal-bamsi-10x-e27-auriu_CC2082AU_03.webp?v=1740436265&width=1445,width=1445,image/jpeg,220,200,image/jpeg,220,image/webp,122,900x900,nu
https://www.alessandrodesign.ro/cdn/shop/files/H17187e0707e94658906b7f617e0aac5eE.jpg_720x720q50_1.png?v=1742901939&width=1445,width=1445,image/png,219,200,image/png,224,image/webp,20,720x720,nu
https://www.alessandrodesign.ro/cdn/shop/files/H17187e0707e94658906b7f617e0aac5eE.jpg_720x720q50_1.png?v=1742901939&width=1946,width=1946,image/png,219,200,image/png,224,image/webp,20,720x720,nu
https://www.alessandrodesign.ro/cdn/shop/files/baterie-bucatarie-dus-extractibil-inox-sus304-satinat-cf018_BBC4260ST_05.webp?v=1740403505&width=1946,width=1946,image/jpeg,217,200,image/jpeg,279,image/webp,146,1080x1080,nu
https://www.alessandrodesign.ro/cdn/shop/files/baterie-bucatarie-dus-extractibil-inox-sus304-satinat-cf018_BBC4260ST_05.webp?v=1740403505&width=1445,width=1445,image/jpeg,217,200,image/jpeg,279,image/webp,146,1080x1080,nu
https://www.alessandrodesign.ro/cdn/shop/files/WPSPhotos_1_90579005-d223-41b9-ba05-ccfd54e02ad0_400x400.png?v=1741680746,original,image/png,216,200,image/png,222,image/webp,21,400x400,nu
https://www.alessandrodesign.ro/cdn/shop/files/WPSPhotos_1_223d43f7-6d63-4577-afff-f1a157e548d1_400x400.png?v=1741680681,original,image/png,216,200,image/png,222,image/webp,21,400x400,nu
https://www.alessandrodesign.ro/cdn/shop/files/WPSPhotos_1_3be71866-3b80-45cb-905f-6f3cb2dffd5e_400x400.png?v=1741680722,original,image/png,216,200,image/png,222,image/webp,21,400x400,nu
https://www.alessandrodesign.ro/cdn/shop/files/f1ffa963-61d0-4ae8-9732-43907fc0db3c_400x400.png?v=1741681420,original,image/png,215,200,image/png,223,image/webp,27,400x400,nu
https://www.alessandrodesign.ro/cdn/shop/files/tapet-vinil-lavabil-top-albastru--vinil-pe-suport-de-flizelin106-m-x-1005m-2-1276_2-1276_01.webp?v=1740410105&width=1946,width=1946,image/jpeg,215,404,text/html; charset=utf-8,0,text/html; charset=utf-8,0,,nu
https://www.alessandrodesign.ro/cdn/shop/files/tapet-vinil-lavabil-top-albastru--vinil-pe-suport-de-flizelin106-m-x-1005m-2-1276_2-1276_01.webp?v=1740410105&width=1445,width=1445,image/jpeg,215,404,text/html; charset=utf-8,0,text/html; charset=utf-8,0,,nu
https://www.alessandrodesign.ro/cdn/shop/files/791b4ddc-aa6b-4ebc-ba71-7ff28d538c59.png?v=1741963690&width=533,width=533,image/png,214,200,image/png,230,image/webp,13,533x533,nu
https://www.alessandrodesign.ro/cdn/shop/files/panou-artificial-50x50cm-verde-1686045632.webp?v=1740438848&width=1946,width=1946,image/jpeg,214,200,image/jpeg,214,image/webp,125,900x900,nu
https://www.alessandrodesign.ro/cdn/shop/files/panou-artificial-50x50cm-verde-1686045632.webp?v=1740438848&width=1445,width=1445,image/jpeg,214,200,image/jpeg,214,image/webp,125,900x900,nu
https://www.alessandrodesign.ro/cdn/shop/files/candelabru-cristal-selim-14x-e14-auriu_CC2085AU_03.webp?v=1740436293&width=1445,width=1445,image/jpeg,214,200,image/jpeg,214,image/webp,160,900x900,nu
https://www.alessandrodesign.ro/cdn/shop/files/candelabru-cristal-selim-14x-e14-auriu_CC2085AU_03.webp?v=1740436293&width=1946,width=1946,image/jpeg,214,200,image/jpeg,214,image/webp,160,900x900,nu
https://www.alessandrodesign.ro/cdn/shop/files/286b7cea-ccfe-4775-9c8f-3059ff7a75b9-1738581913.webp?v=1740447786&width=1946,width=1946,image/jpeg,213,404,text/html; charset=utf-8,0,text/html; charset=utf-8,0,,nu
https://www.alessandrodesign.ro/cdn/shop/files/286b7cea-ccfe-4775-9c8f-3059ff7a75b9-1738581913.webp?v=1740447786&width=1445,width=1445,image/jpeg,213,404,text/html; charset=utf-8,0,text/html; charset=utf-8,0,,nu
https://www.alessandrodesign.ro/cdn/shop/files/tapet-de-vinil-pe-suport-hartie-efes-053x1005m_1334-62_01.webp?v=1740412769&width=1946,width=1946,image/jpeg,213,404,text/html; charset=utf-8,0,text/html; charset=utf-8,0,,nu
https://www.alessandrodesign.ro/cdn/shop/files/tapet-de-vinil-pe-suport-hartie-efes-053x1005m_1334-62_01.webp?v=1740412769&width=1445,width=1445,image/jpeg,213,404,text/html; charset=utf-8,0,text/html; charset=utf-8,0,,nu
https://www.alessandrodesign.ro/cdn/shop/articles/f7bb9afe0b870870df5805b69d715ff5.jpg?v=1742308170&width=1100,width=1100,image/jpeg,213,200,image/jpeg,213,image/webp,109,1100x733,nu
https://www.alessandrodesign.ro/cdn/shop/files/instalatie-180-leduri-8-m-fir-negru-multicolor_IX4814_02.webp?v=1740401833&width=1946,width=1946,image/jpeg,213,404,text/html; charset=utf-8,0,text/html; charset=utf-8,0,,nu
https://www.alessandrodesign.ro/cdn/shop/files/instalatie-180-leduri-8-m-fir-negru-multicolor_IX4814_02.webp?v=1740401833&width=1445,width=1445,image/jpeg,213,404,text/html; charset=utf-8,0,text/html; charset=utf-8,0,,nu
https://www.alessandrodesign.ro/cdn/shop/files/candelabru-cristal-luciano-6xe14-auriu-metal-cristal_CC555AU_02.webp?v=1740406440&width=1445,width=1445,image/jpeg,212,200,image/jpeg,212,image/webp,139,900x900,nu
https://www.alessandrodesign.ro/cdn/shop/files/candelabru-cristal-luciano-6xe14-auriu-metal-cristal_CC555AU_02.webp?v=1740406440&width=1946,width=1946,image/jpeg,212,200,image/jpeg,212,image/webp,139,900x900,nu
https://www.alessandrodesign.ro/cdn/shop/files/candelabru-led-telecomanda-zimar-80w-auriu_CC2052AU_02.webp?v=1740434687&width=1445,width=1445,image/jpeg,210,200,image/jpeg,210,image/webp,111,900x900,nu
https://www.alessandrodesign.ro/cdn/shop/files/candelabru-led-telecomanda-zimar-80w-auriu_CC2052AU_02.webp?v=1740434687&width=1946,width=1946,image/jpeg,210,200,image/jpeg,210,image/webp,111,900x900,nu
https://www.alessandrodesign.ro/cdn/shop/files/Hcc120954b83f4c27be946301556d9b0am.webp?v=1741174313&width=1946,width=1946,image/jpeg,210,200,image/jpeg,210,image/webp,96,1600x1600,nu
https://www.alessandrodesign.ro/cdn/shop/files/Lustra_LED_MORNIKA_12W_lumina_Rece_Calda_Neutra_Alb-Mockup.jpg?v=1742225839&width=1445,width=1445,image/jpeg,210,200,image/jpeg,210,image/webp,140,1445x1445,nu
https://www.alessandrodesign.ro/cdn/shop/files/tapet-de-vinil-pe-suport-hartie-efes-053x1005m_1334-62_03.webp?v=1740412768&width=1445,width=1445,image/jpeg,209,404,text/html; charset=utf-8,0,text/html; charset=utf-8,0,,nu
https://www.alessandrodesign.ro/cdn/shop/files/tapet-de-vinil-pe-suport-hartie-efes-053x1005m_1334-62_03.webp?v=1740412768&width=1946,width=1946,image/jpeg,209,404,text/html; charset=utf-8,0,text/html; charset=utf-8,0,,nu
https://www.alessandrodesign.ro/cdn/shop/files/brad-artificial-150-cm-verde-alb_BR150WH_02.webp?v=1740413441&width=1445,width=1445,image/jpeg,209,200,image/jpeg,265,image/webp,144,1080x1080,nu
https://www.alessandrodesign.ro/cdn/shop/files/brad-artificial-120-cm-verde-alb_BR120WH_02.webp?v=1740413050&width=1445,width=1445,image/jpeg,209,200,image/jpeg,265,image/webp,144,1080x1080,nu
https://www.alessandrodesign.ro/cdn/shop/files/brad-artificial-150-cm-verde-alb_BR150WH_02.webp?v=1740413441&width=1946,width=1946,image/jpeg,209,200,image/jpeg,265,image/webp,144,1080x1080,nu
https://www.alessandrodesign.ro/cdn/shop/files/brad-artificial-180-cm-verde-alb_BR180WH_02.webp?v=1740413072&width=1445,width=1445,image/jpeg,209,200,image/jpeg,265,image/webp,144,1080x1080,nu
https://www.alessandrodesign.ro/cdn/shop/files/brad-artificial-180-cm-verde-alb_BR180WH_02.webp?v=1740413072&width=1946,width=1946,image/jpeg,209,200,image/jpeg,265,image/webp,144,1080x1080,nu
https://www.alessandrodesign.ro/cdn/shop/files/brad-artificial-120-cm-verde-alb_BR120WH_02.webp?v=1740413050&width=1946,width=1946,image/jpeg,209,200,image/jpeg,265,image/webp,144,1080x1080,nu
https://lh4.googleusercontent.com/3U5hpkR4oVeB0kqbPPmVKkFGcBDmFWqK_FCHw0XBRm-pb07Y1BOe4Sb7fZBaO3LIZVfGUaA2yaBJC1ycyJNS0QCJPhGdQH1B_lKFd8ciDAmrscnqt4d_zv_k4tj1EBBpDNHmN97t=s0,extern,image/jpeg,208,200,image/jpeg,208,image/jpeg,208,1024x1024,DA
https://www.alessandrodesign.ro/cdn/shop/files/a4_7ec13088-6dc6-449f-938a-edc4867bae25.png?v=1743078773&width=533,width=533,image/png,208,200,image/png,226,image/webp,14,533x533,nu
https://www.alessandrodesign.ro/cdn/shop/files/0aa50e61-324e-4599-8453-092f29795614.png?v=1742298761&width=416,width=416,image/png,207,200,image/png,214,image/webp,21,416x415,nu
https://www.alessandrodesign.ro/cdn/shop/files/LustraLEDcutelecomandaAMI_50W_3Inimi_luminaRece_Calda_Neutra_Dimabila_Alb_2.png?v=1742219588&width=416,width=416,image/png,207,200,image/png,218,image/webp,19,416x416,nu
https://www.alessandrodesign.ro/cdn/shop/files/candelabru-karam-10xe27-metal-cristal-auriu_CC2028AU_04.webp?v=1740433169&width=1946,width=1946,image/jpeg,207,200,image/jpeg,207,image/webp,138,900x900,nu
https://www.alessandrodesign.ro/cdn/shop/files/candelabru-karam-10xe27-metal-cristal-auriu_CC2028AU_04.webp?v=1740433169&width=1445,width=1445,image/jpeg,207,200,image/jpeg,207,image/webp,138,900x900,nu
https://www.alessandrodesign.ro/cdn/shop/files/brad-artificial-210-cm-verde-alb_AT1CT-SH1A-DRST-BR210WH_02.webp?v=1740434105&width=1445,width=1445,image/jpeg,207,200,image/jpeg,260,image/webp,149,1080x1080,nu
https://www.alessandrodesign.ro/cdn/shop/files/brad-artificial-240-cm-verde-alb_AT1CT-SH1A-DRST-BR240WH_02.webp?v=1740434112&width=1445,width=1445,image/jpeg,207,200,image/jpeg,260,image/webp,149,1080x1080,nu
https://www.alessandrodesign.ro/cdn/shop/files/brad-artificial-210-cm-verde-alb_AT1CT-SH1A-DRST-BR210WH_02.webp?v=1740434105&width=1946,width=1946,image/jpeg,207,200,image/jpeg,260,image/webp,149,1080x1080,nu
https://www.alessandrodesign.ro/cdn/shop/files/brad-artificial-240-cm-verde-alb_AT1CT-SH1A-DRST-BR240WH_02.webp?v=1740434112&width=1946,width=1946,image/jpeg,207,200,image/jpeg,260,image/webp,149,1080x1080,nu
https://www.alessandrodesign.ro/cdn/shop/files/candelabru-led-telecomanda-zakir-100w-auriu_CC2050AU_02.webp?v=1740434673&width=1946,width=1946,image/jpeg,207,200,image/jpeg,207,image/webp,126,900x900,nu
https://www.alessandrodesign.ro/cdn/shop/files/candelabru-led-telecomanda-zakir-100w-auriu_CC2050AU_02.webp?v=1740434673&width=1445,width=1445,image/jpeg,207,200,image/jpeg,207,image/webp,126,900x900,nu
https://www.alessandrodesign.ro/cdn/shop/files/candelabru-led-telecomanda-zareef-80w-auriu_CC2051AU_03.webp?v=1740434680&width=1946,width=1946,image/jpeg,207,200,image/jpeg,207,image/webp,126,900x900,nu
https://www.alessandrodesign.ro/cdn/shop/files/candelabru-led-telecomanda-zareef-80w-auriu_CC2051AU_03.webp?v=1740434680&width=1445,width=1445,image/jpeg,207,200,image/jpeg,207,image/webp,126,900x900,nu
https://www.alessandrodesign.ro/cdn/shop/files/candelabru-cristal-ander-8xe27-auriu-metal-cristal_CC626_02.webp?v=1740402394&width=1946,width=1946,image/jpeg,207,200,image/jpeg,207,image/webp,102,900x900,nu
https://www.alessandrodesign.ro/cdn/shop/files/candelabru-cristal-ander-8xe27-auriu-metal-cristal_CC626_02.webp?v=1740402394&width=1445,width=1445,image/jpeg,207,200,image/jpeg,207,image/webp,102,900x900,nu
https://www.alessandrodesign.ro/cdn/shop/files/tapet-de-vinil-pe-suport-hartie-efes-053x1005m_1334-62_02.webp?v=1740412768&width=1946,width=1946,image/jpeg,207,404,text/html; charset=utf-8,0,text/html; charset=utf-8,0,,nu
https://www.alessandrodesign.ro/cdn/shop/files/tapet-de-vinil-pe-suport-hartie-efes-053x1005m_1334-62_02.webp?v=1740412768&width=1445,width=1445,image/jpeg,207,404,text/html; charset=utf-8,0,text/html; charset=utf-8,0,,nu
https://www.alessandrodesign.ro/cdn/shop/files/baterie-perete-rozeta-pipa-rotativa-aliaj-crom-pr001_PR001_01.webp?v=1740402370&width=1946,width=1946,image/jpeg,207,200,image/jpeg,207,image/webp,120,900x900,nu
https://www.alessandrodesign.ro/cdn/shop/files/baterie-perete-rozeta-pipa-rotativa-aliaj-crom-pr001_PR001_01_491bcbbb-fa00-45c1-8651-6ab8eed6627b.webp?v=1741796951&width=1445,width=1445,image/jpeg,207,404,text/html; charset=utf-8,0,text/html; charset=utf-8,0,,nu
https://www.alessandrodesign.ro/cdn/shop/files/baterie-perete-rozeta-pipa-rotativa-aliaj-crom-pr001_PR001_01_491bcbbb-fa00-45c1-8651-6ab8eed6627b.webp?v=1741796951&width=1946,width=1946,image/jpeg,207,404,text/html; charset=utf-8,0,text/html; charset=utf-8,0,,nu
https://www.alessandrodesign.ro/cdn/shop/files/baterie-perete-rozeta-pipa-rotativa-aliaj-crom-pr001_PR001_01.webp?v=1740402370&width=1445,width=1445,image/jpeg,207,200,image/jpeg,207,image/webp,120,900x900,nu
https://www.alessandrodesign.ro/cdn/shop/files/aplica-led-de-exterior-gamze-10w-ip65-negru_IX4905N_01.webp?v=1740436312&width=1946,width=1946,image/jpeg,206,200,image/jpeg,206,image/jpeg,206,900x900,DA
https://www.alessandrodesign.ro/cdn/shop/files/aplica-led-de-exterior-gamze-10w-ip65-negru_IX4905N_01.webp?v=1740436312&width=1445,width=1445,image/jpeg,206,200,image/jpeg,206,image/jpeg,206,900x900,DA
https://www.alessandrodesign.ro/cdn/shop/files/candelabru-karam-10xe27-metal-cristal-auriu_CC2028AU_05.webp?v=1740433169&width=1946,width=1946,image/jpeg,206,200,image/jpeg,206,image/webp,140,900x900,nu
https://www.alessandrodesign.ro/cdn/shop/files/candelabru-karam-10xe27-metal-cristal-auriu_CC2028AU_05.webp?v=1740433169&width=1445,width=1445,image/jpeg,206,200,image/jpeg,206,image/webp,140,900x900,nu
https://www.alessandrodesign.ro/cdn/shop/files/ghirlanda-luminoasa-pendule-15x-e27-10m-ip65-negru_IX4870N_04.webp?v=1740421359&width=1946,width=1946,image/jpeg,206,404,text/html; charset=utf-8,0,text/html; charset=utf-8,0,,nu
https://www.alessandrodesign.ro/cdn/shop/files/ghirlanda-luminoasa-pendule-15x-e27-10m-ip65-negru_IX4870N_04.webp?v=1740421359&width=1445,width=1445,image/jpeg,206,404,text/html; charset=utf-8,0,text/html; charset=utf-8,0,,nu
https://www.alessandrodesign.ro/cdn/shop/files/fb8a0054-3f48-4591-ad32-c80a25d66ef8.png?v=1741855453&width=533,width=533,image/png,206,200,image/png,221,image/webp,13,533x533,nu
https://www.alessandrodesign.ro/cdn/shop/files/d48677f1-f5a0-4f95-b9ca-7f6c6359aadc.png?v=1742392073&width=416,width=416,image/png,204,200,image/png,209,image/webp,24,416x416,nu
https://www.alessandrodesign.ro/cdn/shop/articles/f7bb9afe0b870870df5805b69d715ff5.jpg?v=1742308170&width=2048,width=2048,image/jpeg,204,200,image/jpeg,204,image/webp,122,1200x800,nu
https://www.alessandrodesign.ro/cdn/shop/files/candelabru-led-telecomanda-alonzo-93w-dimabil-auriu_CC2055AU_05.webp?v=1740434937&width=1946,width=1946,image/jpeg,204,200,image/jpeg,204,image/webp,139,900x900,nu
https://www.alessandrodesign.ro/cdn/shop/files/candelabru-led-telecomanda-alonzo-93w-dimabil-auriu_CC2055AU_05.webp?v=1740434937&width=1445,width=1445,image/jpeg,204,200,image/jpeg,204,image/webp,139,900x900,nu
https://www.alessandrodesign.ro/cdn/shop/files/candelabru-led-telecomanda-aden-58w-dimabil-auriu_CC2054AU_02.webp?v=1740434930&width=1445,width=1445,image/jpeg,204,200,image/jpeg,204,image/webp,157,900x900,nu
https://www.alessandrodesign.ro/cdn/shop/files/candelabru-led-telecomanda-aden-58w-dimabil-auriu_CC2054AU_02.webp?v=1740434930&width=1946,width=1946,image/jpeg,204,200,image/jpeg,204,image/webp,157,900x900,nu
https://www.alessandrodesign.ro/cdn/shop/files/candelabru-led-telecomanda-alvaro-128w-dimabil-auriu_CC2056AU_05.webp?v=1740434946&width=1445,width=1445,image/jpeg,204,200,image/jpeg,202,image/webp,154,900x900,nu
https://www.alessandrodesign.ro/cdn/shop/files/candelabru-led-telecomanda-alvaro-128w-dimabil-auriu_CC2056AU_05.webp?v=1740434946&width=1946,width=1946,image/jpeg,204,200,image/jpeg,202,image/webp,154,900x900,nu
https://www.alessandrodesign.ro/cdn/shop/files/set-10xtapet-3d-autoadeziv-maro-din-spuma-moale-80cmx70cmx6mm-model-litere-maro-inchis_3D-N_01.webp?v=1740416617&width=1946,width=1946,image/jpeg,203,200,image/jpeg,203,image/webp,147,900x900,nu
https://www.alessandrodesign.ro/cdn/shop/files/set-10xtapet-3d-autoadeziv-maro-din-spuma-moale-80cmx70cmx6mm-model-litere-maro-inchis_3D-N_01.webp?v=1740416617&width=1445,width=1445,image/jpeg,203,200,image/jpeg,203,image/webp,147,900x900,nu
