url_in_descriere,status,produse
https://www.alessandrodesign.ro/upload/userfiles/images/documentations/banners/banner_iluminat_perfect.webp,404,lustra-led-cu-telecomanda-sakura-37w-3-petale-lumina-rece-calda-neutra-dimabila-alb; lustra-led-cu-telecomanda-tiana-78w-3-elipse-lumina-rece-calda-neutra-dimabila-negru; lustra-led-heath-stea-30w-diametru-20cm-lumina-neutra-alb (UNLISTED)
https://www.alessandrodesign.ro/upload/userfiles/images/documentations/banners/banner_general_lustre_led_10m.webp,404,lustra-led-heath-stea-30w-diametru-20cm-lumina-neutra-alb (UNLISTED)
https://www.alessandrodesign.ro/upload/userfiles/images/documentations/banners/CRN%20CU%20TELECOMANDA.gif,404,lustra-led-cu-telecomanda-fely-80w-5-patrate-lumina-rece-calda-neutra-dimabila-alb
https://www.alessandrodesign.ro/upload/userfiles/images/documentations/banners/banner_lumina_rece_calda_neutra_lustra_led.webp,404,lustra-led-cu-telecomanda-betty-27w-2-cercuri-lumina-rece-calda-neutra-dimabila-alb
/upload/userfiles/images/BUTON.jpg,404,oglinda-led-rectangulara-60x80cm-deco-frame-basic-touch
https://doraly.ro/scale/resize/99999?progressive=true&quality=100&url=/doraly-assets-images/images/2020-06-09T08:33:15.170Z-imageFromUrl-63-4.jpeg,404 (hotlink site extern),baterie-de-podea-cu-cadru-rotund-alama-sanitara-negru-cf2033
https://cdn.shopify.com/s/files/1/0782/5175/3739/files/Screenshot_2025-03-14_at_18.56.38.png?v=1741971429,404 (fisier sters),lustra-led-cu-telecomanda-axis-95w-3-elemente-lumina-rece-calda-neutra-dimabila-negru
https://www.alessandrodesign.ro/upload/userfiles/images/documentations/banners/banner_telecomanda_lustra_led.webp,301 -> files/telecomanda-banner.jpg,axis-95w; lily-40w; sakura-62w; tiana-78w; tulip-73w (lustra-led-cu-telecomanda-*)
https://www.alessandrodesign.ro/upload/userfiles/images/documentations/banners/banner_mod_noapte_lustra_led.webp,301 -> files/noapte-banner.jpg,axis-95w; lily-40w; sakura-62w; tiana-78w; tulip-73w (lustra-led-cu-telecomanda-*)
