handle,title,in_menu,template,rule_stock_gt_0,total,in_stock,sold_out,pct_sold_out,sold_out_on_page1,sold_out_all_at_end,url
tablou-led,Tablou LED,1,default,0,14,0,14,100,14,1,https://www.alessandrodesign.ro/collections/tablou-led
tablou-sticla,Tablou decorativ,1,default,0,7,0,7,100,7,1,https://www.alessandrodesign.ro/collections/tablou-sticla
sifon-pardoseala,Sifon Pardoseala,1,default,0,1,0,1,100,1,1,https://www.alessandrodesign.ro/collections/sifon-pardoseala
chiuvete-lavoare,Chiuvete & Lavoare,1,default,0,17,4,13,76,13,1,https://www.alessandrodesign.ro/collections/chiuvete-lavoare
instalatii,Instalatii Exterior,1,default,0,3,1,2,67,2,1,https://www.alessandrodesign.ro/collections/instalatii
lampadare-living,Lampadare Living,1,default,0,18,7,11,61,11,1,https://www.alessandrodesign.ro/collections/lampadare-living
baterii-coloane-de-dus,Baterii & Coloane de Dus,1,default,0,62,25,37,60,11,1,https://www.alessandrodesign.ro/collections/baterii-coloane-de-dus
lustre-moderne,Lustre Moderne,1,default,0,126,57,69,55,0,1,https://www.alessandrodesign.ro/collections/lustre-moderne
aplice-de-exterior,Aplice de Exterior,1,default,0,110,52,58,53,0,1,https://www.alessandrodesign.ro/collections/aplice-de-exterior
lustre-led,Lustre LED,1,default,0,685,344,341,50,0,0,https://www.alessandrodesign.ro/collections/lustre-led
candelabre-moderne,Candelabre Moderne,1,default,0,62,31,31,50,5,1,https://www.alessandrodesign.ro/collections/candelabre-moderne
cadite-de-dus,Cadite de Dus,1,default,0,8,4,4,50,4,1,https://www.alessandrodesign.ro/collections/cadite-de-dus
aplice-de-baie,Aplice de Baie,1,default,0,6,3,3,50,3,1,https://www.alessandrodesign.ro/collections/aplice-de-baie
lustre-camera-copiilor,Lustre Camera Copiilor,1,default,0,47,24,23,49,12,1,https://www.alessandrodesign.ro/collections/lustre-camera-copiilor
lustre-metalice,Lustre Industrial,1,default,0,715,369,346,48,0,0,https://www.alessandrodesign.ro/collections/lustre-metalice
lustre-vintage,Lustre Vintage,1,default,0,92,50,42,46,0,1,https://www.alessandrodesign.ro/collections/lustre-vintage
candelabre-clasice,Candelabre Clasice,1,default,0,30,17,13,43,13,1,https://www.alessandrodesign.ro/collections/candelabre-clasice
aplice-de-interior,Aplice de Interior,1,default,0,139,86,53,38,0,1,https://www.alessandrodesign.ro/collections/aplice-de-interior
oglinzi-led-dressing,Oglinzi LED Dressing,1,default,0,8,5,3,38,3,1,https://www.alessandrodesign.ro/collections/oglinzi-led-dressing
plafoniere-led-1,Plafoniere LED,1,default,0,82,52,30,37,0,1,https://www.alessandrodesign.ro/collections/plafoniere-led-1
candelabre-cristal,Candelabre Cristal,1,default,0,443,287,156,35,0,0,https://www.alessandrodesign.ro/collections/candelabre-cristal
benzi-led,Benzi LED,1,default,0,12,8,4,33,4,1,https://www.alessandrodesign.ro/collections/benzi-led
oglinzi-led-by-marcello-funghi,Oglinzi LED - by Marcello Funghi,1,default,0,131,90,41,31,0,1,https://www.alessandrodesign.ro/collections/oglinzi-led-by-marcello-funghi
brad-de-craciun,Brad de craciun,1,default,0,29,20,9,31,9,1,https://www.alessandrodesign.ro/collections/brad-de-craciun
oglinzi-led-cu-dulap,Oglinzi LED cu Dulap,1,default,0,13,9,4,31,4,1,https://www.alessandrodesign.ro/collections/oglinzi-led-cu-dulap
panou-artificial,Panou artificial,1,default,0,13,9,4,31,4,1,https://www.alessandrodesign.ro/collections/panou-artificial
oglinzi-led-simple,Oglinzi LED Standard,1,default,0,15,11,4,27,4,1,https://www.alessandrodesign.ro/collections/oglinzi-led-simple
cazi-de-baie-freestanding,Cazi de baie freestanding,1,default,0,12,9,3,25,3,1,https://www.alessandrodesign.ro/collections/cazi-de-baie-freestanding
becuri,Becuri,1,default,0,26,20,6,23,6,1,https://www.alessandrodesign.ro/collections/becuri
mobilier-baie,Mobilier Baie,1,default,0,68,53,15,22,0,1,https://www.alessandrodesign.ro/collections/mobilier-baie
oglinzi-led-machiaj,Oglinzi LED Machiaj,1,default,0,37,29,8,22,7,1,https://www.alessandrodesign.ro/collections/oglinzi-led-machiaj
oglinzi-baie-cu-led-si-dezaburire,Oglinzi Baie cu LED si Dezaburire,1,default,0,155,124,31,20,0,0,https://www.alessandrodesign.ro/collections/oglinzi-baie-cu-led-si-dezaburire
tufa-artificiala,Tufe Artificiale,1,default,0,10,8,2,20,2,1,https://www.alessandrodesign.ro/collections/tufa-artificiala
ingrijire-dentara,Ingrijire Dentara,1,default,0,5,4,1,20,1,1,https://www.alessandrodesign.ro/collections/ingrijire-dentara
veioze-dormitor,Veioze Dormitor,1,default,0,21,17,4,19,4,1,https://www.alessandrodesign.ro/collections/veioze-dormitor
copac-artificial,Copac artificial,1,default,0,32,28,4,13,4,1,https://www.alessandrodesign.ro/collections/copac-artificial
spoturi,Spoturi,1,default,0,24,21,3,13,3,1,https://www.alessandrodesign.ro/collections/spoturi
proiectoare-sina-magnetica,Proiectoare sina magnetica,1,default,0,16,14,2,13,2,1,https://www.alessandrodesign.ro/collections/proiectoare-sina-magnetica
uscatoare-de-maini,Uscatoare de Maini,1,default,0,10,9,1,10,1,1,https://www.alessandrodesign.ro/collections/uscatoare-de-maini
genți-și-rucsacuri,Genti si rucsacuri,1,default,0,80,73,7,9,0,1,https://www.alessandrodesign.ro/collections/genți-și-rucsacuri
dus-walk-in,Paravan de Dus Walk-in,1,default,0,36,34,2,6,2,1,https://www.alessandrodesign.ro/collections/dus-walk-in
ierburi-ornamentale-artificiale,Ierburi Ornamentale Artificiale,1,default,0,29,28,1,3,1,1,https://www.alessandrodesign.ro/collections/ierburi-ornamentale-artificiale
proiectoare-de-exterior,Proiectoare de Exterior,1,default,0,10,10,0,0,0,1,https://www.alessandrodesign.ro/collections/proiectoare-de-exterior
baterii-de-baie,Baterii de Baie,1,default,1,28,28,0,0,0,1,https://www.alessandrodesign.ro/collections/baterii-de-baie
baterii-de-bucatarie,Baterii de Bucatarie,1,default,1,41,41,0,0,0,1,https://www.alessandrodesign.ro/collections/baterii-de-bucatarie
oglinzi-rotunde-baie,Oglinzi Rotunde Baie,1,default,1,71,71,0,0,0,1,https://www.alessandrodesign.ro/collections/oglinzi-rotunde-baie
para-de-dus,Para de dus,1,default,1,1,1,0,0,0,1,https://www.alessandrodesign.ro/collections/para-de-dus
covoare-baie,Covoare Baie,1,default,0,8,8,0,0,0,1,https://www.alessandrodesign.ro/collections/covoare-baie
ghirlande-artificiale,Ghirlande Artificiale,1,default,0,3,3,0,0,0,1,https://www.alessandrodesign.ro/collections/ghirlande-artificiale
gazon-artificial,Gazon Artificial,1,default,0,2,2,0,0,0,1,https://www.alessandrodesign.ro/collections/gazon-artificial
calorifel-electric,Calorifer Electric,1,default,0,6,6,0,0,0,1,https://www.alessandrodesign.ro/collections/calorifel-electric
flori-decorative,Flori Decorative,1,default,0,0,0,0,0,0,1,https://www.alessandrodesign.ro/collections/flori-decorative
decoratiuni-perete,Decoratiuni Perete,0,default,0,21,0,21,100,21,1,https://www.alessandrodesign.ro/collections/decoratiuni-perete
plante-artificiale-interior,Plante Artificiale Interior,0,default,0,20,0,20,100,20,1,https://www.alessandrodesign.ro/collections/plante-artificiale-interior
baterii-apa-calda-instant,Baterii Apa Calda Instant,0,default,0,3,0,3,100,3,1,https://www.alessandrodesign.ro/collections/baterii-apa-calda-instant
consumabile,Consumabile,0,default,0,2,0,2,100,2,1,https://www.alessandrodesign.ro/collections/consumabile
pret-sub-0-test,pret sub 0 (test),0,default,0,2,0,2,100,2,1,https://www.alessandrodesign.ro/collections/pret-sub-0-test
instalatii-led-interior,Instalatii LED Interior,0,default,0,1,0,1,100,1,1,https://www.alessandrodesign.ro/collections/instalatii-led-interior
neon-flex,Neon Flex,0,default,0,1,0,1,100,1,1,https://www.alessandrodesign.ro/collections/neon-flex
baterii-baie-bucatarie-coloane-de-dus,Baterii baie/bucatarie & Seturi de dus,0,bf_baterii,0,1,0,1,100,1,1,https://www.alessandrodesign.ro/collections/baterii-baie-bucatarie-coloane-de-dus
casa-gradina,Casa & Gradina,0,default,0,30,5,25,83,25,1,https://www.alessandrodesign.ro/collections/casa-gradina
exterior-liniar,Exterior Liniar,0,default,0,19,5,14,74,14,1,https://www.alessandrodesign.ro/collections/exterior-liniar
baterii-apa-rece,Baterii Apa Rece,0,default,0,7,2,5,71,5,1,https://www.alessandrodesign.ro/collections/baterii-apa-rece
becuri-vintage,Becuri Vintage,0,default,0,3,1,2,67,2,1,https://www.alessandrodesign.ro/collections/becuri-vintage
lustre-led-test,LUSTRE LED TEST,0,campaign-lp,0,3,1,2,67,2,1,https://www.alessandrodesign.ro/collections/lustre-led-test
aplice-candelabre,Aplice de Candelabre,0,default,0,26,11,15,58,15,1,https://www.alessandrodesign.ro/collections/aplice-candelabre
lustre-camera-copiilor-1,Lustre Camera Copiilor,0,default,0,28,12,16,57,16,1,https://www.alessandrodesign.ro/collections/lustre-camera-copiilor-1
prize,Prize,0,default,0,2,1,1,50,1,1,https://www.alessandrodesign.ro/collections/prize
lustre-led-dormitor,Lustre LED Dormitor,0,default,0,441,226,215,49,0,0,https://www.alessandrodesign.ro/collections/lustre-led-dormitor
lustre-led-suspendate,Lustre Suspendate,0,default,0,165,84,81,49,0,1,https://www.alessandrodesign.ro/collections/lustre-led-suspendate
lustre-clasice,Lustre Clasice,0,default,0,72,37,35,49,0,1,https://www.alessandrodesign.ro/collections/lustre-clasice
lustre-led-cristal,Lustre LED Cristal,0,default,0,58,30,28,48,6,1,https://www.alessandrodesign.ro/collections/lustre-led-cristal
lustre-led-bucatarie,Lustre LED Bucatarie,0,default,0,410,219,191,47,0,0,https://www.alessandrodesign.ro/collections/lustre-led-bucatarie
lustre-cu-bec,Lustre,0,default,0,1055,570,485,46,0,0,https://www.alessandrodesign.ro/collections/lustre-cu-bec
lustre-led-living,Lustre LED Living,0,default,0,452,244,208,46,0,0,https://www.alessandrodesign.ro/collections/lustre-led-living
lustre-dormitor-1,Lustre Dormitor,0,default,0,946,517,429,45,0,0,https://www.alessandrodesign.ro/collections/lustre-dormitor-1
sub-25,sub 25,0,default,0,223,123,100,45,0,0,https://www.alessandrodesign.ro/collections/sub-25
aplice,Aplice,0,default,0,260,145,115,44,0,0,https://www.alessandrodesign.ro/collections/aplice
iluminat-de-exterior,Iluminat de Exterior,0,default,0,105,59,46,44,0,1,https://www.alessandrodesign.ro/collections/iluminat-de-exterior
lustre-led-cu-telecomanda,Lustre LED cu Telecomanda,0,default,0,375,215,160,43,0,0,https://www.alessandrodesign.ro/collections/lustre-led-cu-telecomanda
corpuri-de-iluminat,Corpuri de Iluminat,0,default,0,2065,1202,863,42,0,0,https://www.alessandrodesign.ro/collections/corpuri-de-iluminat
all-products,Toate produsele,0,default,0,3293,1955,1338,41,0,0,https://www.alessandrodesign.ro/collections/all-products
all-stock-1,All Stock,0,default,0,1511,928,583,39,0,0,https://www.alessandrodesign.ro/collections/all-stock-1
candelabre-living,Candelabre Living,0,default,0,446,285,161,36,0,0,https://www.alessandrodesign.ro/collections/candelabre-living
aplice-de-perete,Aplice de perete LED,0,default,0,89,57,32,36,0,1,https://www.alessandrodesign.ro/collections/aplice-de-perete
candelabre,Candelabre,0,default,0,653,423,230,35,0,0,https://www.alessandrodesign.ro/collections/candelabre
promo-lustre-led,B25: Iluminat,0,bf_lustre-2,0,164,106,58,35,0,0,https://www.alessandrodesign.ro/collections/promo-lustre-led
candelabre-casa-scarii,Candelabre Casa Scarii,0,default,0,94,61,33,35,1,0,https://www.alessandrodesign.ro/collections/candelabre-casa-scarii
veioze-lampadare,Veioze & Lampadare,0,default,0,53,35,18,34,1,1,https://www.alessandrodesign.ro/collections/veioze-lampadare
candelabre-elegante,Candelabre Elegante,0,default,0,323,216,107,33,0,0,https://www.alessandrodesign.ro/collections/candelabre-elegante
vanatoarea-de-reduceri,Vanatoarea de reduceri,0,campaign-lp,0,119,80,39,33,0,1,https://www.alessandrodesign.ro/collections/vanatoarea-de-reduceri
benzi-led-12v,Benzi LED 12V,0,default,0,12,8,4,33,4,1,https://www.alessandrodesign.ro/collections/benzi-led-12v
lustre-pene,Lustre Pene,0,default,0,6,4,2,33,2,1,https://www.alessandrodesign.ro/collections/lustre-pene
promo-oglinzi-led,Promo Oglinzi LED,0,bf_oglinzi_2,0,50,37,13,26,0,1,https://www.alessandrodesign.ro/collections/promo-oglinzi-led
oglinzi-led,Oglinzi LED,0,colectie-oglinzi-led-baie,0,333,249,84,25,0,0,https://www.alessandrodesign.ro/collections/oglinzi-led
plante-artificiale,Plante Artificiale,0,default,0,181,140,41,23,0,1,https://www.alessandrodesign.ro/collections/plante-artificiale
aplice-moderne,Aplice Moderne,0,default,0,9,7,2,22,2,1,https://www.alessandrodesign.ro/collections/aplice-moderne
becuri-led-g9,Becuri LED G9,0,default,0,9,7,2,22,2,1,https://www.alessandrodesign.ro/collections/becuri-led-g9
becuri-e14,Becuri Candelabre E14,0,default,0,5,4,1,20,1,1,https://www.alessandrodesign.ro/collections/becuri-e14
black-season-candelabre,Black Season Candelabre,0,default,0,28,23,5,18,5,1,https://www.alessandrodesign.ro/collections/black-season-candelabre
aplice-decorative,Aplice Decorative,0,default,0,48,40,8,17,0,1,https://www.alessandrodesign.ro/collections/aplice-decorative
bf25-mobiliere-si-dulapuri-de-baie,BF25: Mobiliere si dulapuri de baie,0,bf_mobilier_2,0,50,42,8,16,0,1,https://www.alessandrodesign.ro/collections/bf25-mobiliere-si-dulapuri-de-baie
back2school,Back2School Sale,0,back2school,0,40,34,6,15,2,1,https://www.alessandrodesign.ro/collections/back2school
outlet,Outlet,0,bf_outlet_3,1,8,7,1,13,1,0,https://www.alessandrodesign.ro/collections/outlet
rucsac-scoala,Rucsac Scoala,0,default,0,8,7,1,13,1,1,https://www.alessandrodesign.ro/collections/rucsac-scoala
genți-de-voiaj,Genți de voiaj,0,default,0,33,29,4,12,4,1,https://www.alessandrodesign.ro/collections/genți-de-voiaj
becuri-led,Becuri LED E27,0,default,0,9,8,1,11,1,1,https://www.alessandrodesign.ro/collections/becuri-led
rucsacuri,Rucsacuri,0,default,0,46,43,3,7,0,1,https://www.alessandrodesign.ro/collections/rucsacuri
baie,Baie,0,default,1,157,157,0,0,0,1,https://www.alessandrodesign.ro/collections/baie
baterii-baie-bucatarie,Baterii baie & bucatarie,0,default,1,98,98,0,0,0,1,https://www.alessandrodesign.ro/collections/baterii-baie-bucatarie
accesorii-baie,Accesorii Baie,0,default,1,39,39,0,0,0,1,https://www.alessandrodesign.ro/collections/accesorii-baie
produse-led,Produse LED,0,default,1,46,46,0,0,0,1,https://www.alessandrodesign.ro/collections/produse-led
pendule,Pendule,0,default,0,0,0,0,0,0,1,https://www.alessandrodesign.ro/collections/pendule
intrerupatoare,Intrerupatoare,0,default,1,2,2,0,0,0,1,https://www.alessandrodesign.ro/collections/intrerupatoare
suport-hartie-igienica,Suport Hartie Igienica,0,default,1,2,2,0,0,0,1,https://www.alessandrodesign.ro/collections/suport-hartie-igienica
suport-prosop,Suport Prosop,0,default,1,2,2,0,0,0,1,https://www.alessandrodesign.ro/collections/suport-prosop
benzi-led-220v,Benzi LED 220V,0,default,0,0,0,0,0,0,1,https://www.alessandrodesign.ro/collections/benzi-led-220v
lichidare-stoc-baterii-sanitare,Lichidare - Baterii sanitare,0,default,1,39,39,0,0,0,1,https://www.alessandrodesign.ro/collections/lichidare-stoc-baterii-sanitare
oglinzi-led-sub-300,Oglinzi LED sub 300,0,default,1,46,46,0,0,0,1,https://www.alessandrodesign.ro/collections/oglinzi-led-sub-300
resigilate,Resigilate,0,default,1,0,0,0,0,0,1,https://www.alessandrodesign.ro/collections/resigilate
becuri-led-gu10,Becuri LED GU10,0,default,0,1,1,0,0,0,1,https://www.alessandrodesign.ro/collections/becuri-led-gu10
lampadare-led,Lampadare LED,0,default,0,3,3,0,0,0,1,https://www.alessandrodesign.ro/collections/lampadare-led
baterii-freestanding,Baterii Freestanding,0,default,1,3,3,0,0,0,1,https://www.alessandrodesign.ro/collections/baterii-freestanding
produse-pret-0-test,PRODUSE PRET 0 -TEST-,0,default,1,0,0,0,0,0,1,https://www.alessandrodesign.ro/collections/produse-pret-0-test
produse-exclusive,Produse Exclusive,0,default,1,334,334,0,0,0,1,https://www.alessandrodesign.ro/collections/produse-exclusive
mandatory-fees,Mandatory Fees,0,default,0,0,0,0,0,0,1,https://www.alessandrodesign.ro/collections/mandatory-fees
accesorii-baterii,Accesorii Baterii,0,default,0,6,6,0,0,0,1,https://www.alessandrodesign.ro/collections/accesorii-baterii
v-l-florale-copie-1,V&L Geometric,0,default,0,2,2,0,0,0,1,https://www.alessandrodesign.ro/collections/v-l-florale-copie-1
bideuri-vase-wc,Bideuri & Vase WC,0,default,0,7,7,0,0,0,1,https://www.alessandrodesign.ro/collections/bideuri-vase-wc
genți-business,Genți business,0,default,0,1,1,0,0,0,1,https://www.alessandrodesign.ro/collections/genți-business
